Neighborhood,Neighborhood Latitude,Neighborhood Longitude,Venue,Venue Latitude,Venue Longitude,Venue Category
Alnabru,59.926681499999994,10.8364981,Staples,59.923053420246475,10.837054137761607,Paper / Office Supplies Store
Alnabru,59.926681499999994,10.8364981,Alnabruveien,59.92402779665765,10.835225492757832,Bus Station
Alnabru,59.926681499999994,10.8364981,Smalvollveien/Tittutveien (B),59.92504405610593,10.842561721801758,Bus Station
Ellingsrud,59.9341909,10.920897300000002,Munkebekken,59.93285073108687,10.918714698899247,Bed & Breakfast
Ellingsrud,59.9341909,10.920897300000002,Ellingsrudåsen (T),59.936238204718016,10.91661141088552,Metro Station
Ellingsrud,59.9341909,10.920897300000002,Ellingsrud Fleridrettshall,59.932881536529926,10.926221500635254,Gym / Fitness Center
Ellingsrud,59.9341909,10.920897300000002,Kiwi,59.93628212601952,10.916656287590607,Grocery Store
Ellingsrud,59.9341909,10.920897300000002,Kolonial.no Fulfillment Center,59.933238,10.929207,Warehouse Store
Furuset,59.9410674,10.896398699999999,Furuset Senter,59.94129803872985,10.897799665813759,Shopping Mall
Furuset,59.9410674,10.896398699999999,Rema 1000 Furuset,59.94218627,10.89744934,Supermarket
Furuset,59.9410674,10.896398699999999,Furuset Forum,59.94052521201159,10.896899929251063,Hockey Arena
Furuset,59.9410674,10.896398699999999,Furuset (T),59.94122838132008,10.897932157900481,Metro Station
Haugerud,59.9221162,10.854522,Bare Trening Haugerud,59.92228462296237,10.856815608716563,Gym
Haugerud,59.9221162,10.854522,Coop Extra,59.92216430090819,10.856913507624705,Grocery Store
Haugerud,59.9221162,10.854522,Haugerud (T),59.92211568276591,10.854442183290047,Metro Station
Hellerud,59.910067299999994,10.8298389,R10 - Oslo - Lillehammer - Buss for tog,59.913724619292694,10.829735953943908,Moving Target
Hellerud,59.910067299999994,10.8298389,Linje 3,59.91096721333395,10.82201424518141,Moving Target
Hellerud,59.910067299999994,10.8298389,Godlia (T),59.907027,10.835947,Metro Station
Lindeberg,59.9331552,10.882705999999999,Lindeberg (T),59.932820651262055,10.881985904035426,Metro Station
Lindeberg,59.9331552,10.882705999999999,Norfloor AS,59.93583735670931,10.882311808964795,Furniture / Home Store
Lindeberg,59.9331552,10.882705999999999,MC Oslo,59.935984,10.877865,Motorcycle Shop
Lindeberg,59.9331552,10.882705999999999,Rimi,59.936062835761575,10.888824792710794,Grocery Store
Lindeberg,59.9331552,10.882705999999999,Prix,59.92928279210248,10.879272407509493,Grocery Store
Lindeberg,59.9331552,10.882705999999999,Kiwi,59.93612508499234,10.888759934473455,Grocery Store
Trosterud,59.9271816,10.8652575,Café Memento Vivere,59.92706758065479,10.865640461007585,Café
Trosterud,59.9271816,10.8652575,Park Inn by Radisson Hotel & Conference Centre Oslo Alna,59.93013,10.86825,Hotel
Trosterud,59.9271816,10.8652575,Radisson Blu Hotel Alna,59.930266206517366,10.868274091379302,Hotel
Trosterud,59.9271816,10.8652575,Trosterud (T),59.926973253506816,10.865546579651896,Metro Station
Trosterud,59.9271816,10.8652575,Bohus Alna,59.92949727984075,10.867240538138635,Furniture / Home Store
Trosterud,59.9271816,10.8652575,Bohus,59.929648636449315,10.867172665894033,Furniture / Home Store
Trosterud,59.9271816,10.8652575,Trosterud ved E6,59.929746645122385,10.863788798057913,Bus Station
Trosterud,59.9271816,10.8652575,Jysk,59.929871988607296,10.86710850582043,Furniture / Home Store
Trosterud,59.9271816,10.8652575,Trosterud,59.929965,10.86737,Pedestrian Plaza
Trosterud,59.9271816,10.8652575,XERVON Norway AS,59.9292414,10.8608282,Construction & Landscaping
Trosterud,59.9271816,10.8652575,Circle K,59.93027030093564,10.867667021011584,Convenience Store
Trosterud,59.9271816,10.8652575,Betula Restaurant,59.930548,10.868104,Breakfast Spot
Trosterud,59.9271816,10.8652575,Kiwi,59.92697304032684,10.86544566514962,Grocery Store
Trosterud,59.9271816,10.8652575,McDonald's,59.93082057253664,10.868516684941735,Fast Food Restaurant
Tveita,59.9140313,10.8422413,SATS,59.91659135353708,10.848329941416864,Gym / Fitness Center
Tveita,59.9140313,10.8422413,Meny,59.91444476315036,10.841951146359877,Grocery Store
Tveita,59.9140313,10.8422413,GameStop,59.913786,10.841221,Video Game Store
Tveita,59.9140313,10.8422413,W. B. Samson,59.913746494882915,10.843709926174801,Bakery
Tveita,59.9140313,10.8422413,Tveita (T),59.913833589678816,10.842068231936452,Metro Station
Tveita,59.9140313,10.8422413,Narvesen,59.91376513,10.84214655,Convenience Store
Tveita,59.9140313,10.8422413,Tveita (B),59.91294946337143,10.844357177465396,Bus Stop
Tveita,59.9140313,10.8422413,REMA 1000 Hellerud,59.91657824,10.84848391,Supermarket
Linderud,59.94096329999999,10.8384197,SATS,59.943086881913054,10.835261325655814,Gym / Fitness Center
Linderud,59.94096329999999,10.8384197,Jordbærpikene,59.942909104422355,10.835812989090847,Café
Linderud,59.94096329999999,10.8384197,W. B. Samson,59.943063623512366,10.835457854671455,Bakery
Linderud,59.94096329999999,10.8384197,Vinmonopolet (Linderud),59.943149971724054,10.835356743527699,Wine Shop
Linderud,59.94096329999999,10.8384197,ICA Maxi Linderud,59.94316,10.835278,Grocery Store
Linderud,59.94096329999999,10.8384197,Bislett Kebab House,59.94402023914587,10.832874152790623,Fast Food Restaurant
Tonsenhagen,59.9476956,10.827077699999998,Kiwi tonsenhagen,59.94736236044841,10.822650176466636,Grocery Store
Tonsenhagen,59.9476956,10.827077699999998,Tonsenhagen (B),59.94634783050822,10.827918518018123,Bus Station
Tonsenhagen,59.9476956,10.827077699999998,Badedammen,59.94770930109633,10.82029938697815,Pool
Tonsenhagen,59.9476956,10.827077699999998,Lill-o-dilten post 28,59.949548,10.834613,Trail
Årvoll,59.945281099999995,10.8098679,en til! pizza,59.942593490497124,10.814542013155847,Pizza Place
Årvoll,59.945281099999995,10.8098679,Årvoll Gård,59.94653493242235,10.81563493663512,Farm
Årvoll,59.945281099999995,10.8098679,Panda,59.94207254101784,10.807879827390355,Chinese Restaurant
Årvoll,59.945281099999995,10.8098679,Rema 1000,59.94252052625257,10.811417940843205,Supermarket
Årvoll,59.945281099999995,10.8098679,Bjerke Travbane,59.941122869354544,10.81102293924559,Racetrack
Årvoll,59.945281099999995,10.8098679,Kiwi,59.94204359070364,10.807985789573197,Grocery Store
Årvoll,59.945281099999995,10.8098679,Årvoll Senter,59.94512439131169,10.809138135050436,Shopping Mall
Årvoll,59.945281099999995,10.8098679,Lavpris Kiosk,59.94574354746425,10.808570757780302,Convenience Store
Årvoll,59.945281099999995,10.8098679,REMA 1000 Årvoll,59.94503641,10.80918437,Supermarket
Årvoll,59.945281099999995,10.8098679,Årvoll Kunstgress,59.94486680999213,10.814980134719537,Soccer Field
Årvoll,59.945281099999995,10.8098679,Fitness24Seven,59.94260547424856,10.811987879677398,Gym / Fitness Center
Årvoll,59.945281099999995,10.8098679,Dragens Restaurant,59.942413958881446,10.812029101650701,Asian Restaurant
Årvoll,59.945281099999995,10.8098679,Stig (B),59.94727493453404,10.81736355361026,Bus Station
Veitvet,59.9445298,10.846938900000001,Lucky Bowl Veitvet,59.94409269810243,10.847175257950404,Bowling Alley
Veitvet,59.9445298,10.846938900000001,Veitvet senter,59.944523020896355,10.8469820022583,Shopping Mall
Veitvet,59.9445298,10.846938900000001,Rema 1000,59.9443542,10.8479016,Supermarket
Veitvet,59.9445298,10.846938900000001,Sletteløkka,59.946883698924246,10.847318904923828,Soccer Field
Økern,59.9282615,10.8062778,Økern Sushi,59.925679,10.812063,Sushi Restaurant
Økern,59.9282615,10.8062778,Circle K,59.927504631468494,10.810154586435875,Convenience Store
Økern,59.9282615,10.8062778,Kiwi,59.92846319503267,10.806937674140793,Grocery Store
Økern,59.9282615,10.8062778,Økern (T),59.928293026614575,10.806357074517363,Metro Station
Økern,59.9282615,10.8062778,PizzaBuzzen,59.929769,10.805464,Pizza Place
Økern,59.9282615,10.8062778,Økernkrysset (B),59.92864731,10.80227961,Bus Stop
Økern,59.9282615,10.8062778,NAF Senter,59.92413592861294,10.80479870659474,Auto Workshop
Økern,59.9282615,10.8062778,Økernparken,59.931357572730825,10.812430982489275,Park
Risløkka,59.9325069,10.8231305,Meny,59.93657332038955,10.826251616031906,Grocery Store
Risløkka,59.9325069,10.8231305,BROBEKK STORCASH AS,59.932201245134564,10.831548263005034,Grocery Store
Risløkka,59.9325069,10.8231305,Quality Hotel 33,59.92891416683861,10.818571149942967,Hotel
Risløkka,59.9325069,10.8231305,Sky Bar,59.92876958088594,10.818316447284253,Hotel Bar
Risløkka,59.9325069,10.8231305,Risløkka (T),59.932437360073074,10.822998687471495,Metro Station
Risløkka,59.9325069,10.8231305,nærbutikken risløkka,59.93218547050111,10.822162760830167,Market
Risløkka,59.9325069,10.8231305,Risløkka,59.9337962579411,10.814965211926529,Nature Preserve
Bygdøy,59.90852389999999,10.6769071,Festplassen Folkemuseet,59.906154,10.68203,Amphitheater
Bygdøy,59.90852389999999,10.6769071,Gjestestuene,59.90743277691496,10.682352773719094,History Museum
Bygdøy,59.90852389999999,10.6769071,Oslo Turnforening (Bygdøy Skole),59.90503763304425,10.67724836126468,Athletics & Sports
Bygdøy,59.90852389999999,10.6769071,Kongsgården på Bygdøy,59.91163247403149,10.680984789780867,Farm
Frogner,59.9222241,10.7066491,eckers,59.92002,10.70772,Sandwich Place
Frogner,59.9222241,10.7066491,Frognerborgen lekeplass,59.92427517184612,10.706790776968406,Playground
Frogner,59.9222241,10.7066491,Vigeland-museet,59.922777352505676,10.701361912320026,Art Museum
Frogner,59.9222241,10.7066491,Vineria Ventidue,59.920364,10.705681,Italian Restaurant
Frogner,59.9222241,10.7066491,Vinmonopolet (Elisenberg),59.91881788400503,10.707471353351531,Wine Shop
Frogner,59.9222241,10.7066491,Vigelandsanlegget,59.926235753839585,10.703318998690822,Sculpture Garden
Frogner,59.9222241,10.7066491,Feinschmecker,59.918456106042186,10.708131275522424,Scandinavian Restaurant
Frogner,59.9222241,10.7066491,Oslo Museum; Bymuseet,59.92404618679297,10.702557146119801,History Museum
Frogner,59.9222241,10.7066491,W. B. Samson,59.91856750174063,10.708996177974765,Bakery
Frogner,59.9222241,10.7066491,Anne på landet,59.925085,10.704761,Café
Frogner,59.9222241,10.7066491,Brasserie Ouest,59.918584,10.706379,French Restaurant
Frogner,59.9222241,10.7066491,Fjelberg Fisk & Vilt,59.91835766592152,10.70531159006556,Gourmet Shop
Frogner,59.9222241,10.7066491,Frogner house Bygdoy alle 53,59.91820783387944,10.706444200523558,Boarding House
Frogner,59.9222241,10.7066491,BA 53,59.91820358284927,10.706487714669201,Scandinavian Restaurant
Frogner,59.9222241,10.7066491,Village Tandoori,59.91888360589669,10.702605810892607,Indian Restaurant
Frogner,59.9222241,10.7066491,Sinnataggen,59.926079534248245,10.703581135383063,Sculpture Garden
Frogner,59.9222241,10.7066491,Kaffebrenneriet,59.91931606722654,10.709117105834556,Coffee Shop
Frogner,59.9222241,10.7066491,Kolonihagen Frogner,59.91908021044409,10.710203242492415,Restaurant
Frogner,59.9222241,10.7066491,Vestkanttorget,59.92420261242503,10.713542103767395,Plaza
Frogner,59.9222241,10.7066491,Skafferiet,59.91841,10.70257,Gourmet Shop
Frogner,59.9222241,10.7066491,Enoteca,59.91827852198024,10.70496455788023,Italian Restaurant
Frogner,59.9222241,10.7066491,Expo Nova,59.919090303555905,10.701389160694658,Furniture / Home Store
Frogner,59.9222241,10.7066491,Café Elise,59.91888325998111,10.706226810453476,Café
Frogner,59.9222241,10.7066491,Bygdøy Sushi,59.919099208242336,10.701209235674481,Sushi Restaurant
Frogner,59.9222241,10.7066491,Dugg,59.918045,10.706782,Cosmetics Shop
Majorstuen,59.9291529,10.7153089,Pust,59.930430594453014,10.714795668231403,Café
Majorstuen,59.9291529,10.7153089,Kverneriet,59.92921393124729,10.71463445638419,Burger Joint
Majorstuen,59.9291529,10.7153089,Jacobs Majorstuen,59.9295293960556,10.71144008386749,Supermarket
Majorstuen,59.9291529,10.7153089,Colosseum Kino,59.92947550705538,10.710646878921946,Multiplex
Majorstuen,59.9291529,10.7153089,SATS,59.928507,10.710989,Gym / Fitness Center
Majorstuen,59.9291529,10.7153089,Mini Sushi,59.92955397685458,10.71269809837295,Sushi Restaurant
Majorstuen,59.9291529,10.7153089,Baker Hansen,59.92951372354014,10.716358918105799,Bakery
Majorstuen,59.9291529,10.7153089,Larsen Restaurant,59.92970748654097,10.713951514481648,Scandinavian Restaurant
Majorstuen,59.9291529,10.7153089,HiYoga,59.927497826446995,10.720615545634848,Yoga Studio
Majorstuen,59.9291529,10.7153089,Grains,59.930039,10.715751,Bakery
Majorstuen,59.9291529,10.7153089,Cru,59.927293,10.722774,Scandinavian Restaurant
Majorstuen,59.9291529,10.7153089,Bondens marked,59.92823127813769,10.717892358563292,Farmers Market
Majorstuen,59.9291529,10.7153089,Villa Paradiso,59.929092,10.718211,Pizza Place
Majorstuen,59.9291529,10.7153089,Pizza Pancetta,59.93034217383937,10.719244892095066,Pizza Place
Majorstuen,59.9291529,10.7153089,Weekday,59.927928,10.718019,Clothing Store
Majorstuen,59.9291529,10.7153089,W.B. Samson,59.929133012928006,10.716145564167642,Bakery
Majorstuen,59.9291529,10.7153089,Lille Vinkel Sko,59.928639690485674,10.717721923624028,Shoe Store
Majorstuen,59.9291529,10.7153089,The Pub,59.92767475624131,10.715608806144266,Pub
Majorstuen,59.9291529,10.7153089,Meny,59.930670776430034,10.710025350520253,Supermarket
Majorstuen,59.9291529,10.7153089,Crêpes Maison Majorstuen,59.93007619947128,10.71280554894514,Creperie
Majorstuen,59.9291529,10.7153089,Valkyrien Kaffe & Te,59.929108730141515,10.717128932471358,Coffee Shop
Majorstuen,59.9291529,10.7153089,The Highbury Pub,59.92748224045134,10.719008445739746,Pub
Majorstuen,59.9291529,10.7153089,Kaffebrenneriet,59.92822792427549,10.71805415345716,Coffee Shop
Majorstuen,59.9291529,10.7153089,Tatakii,59.928382,10.708593,Asian Restaurant
Majorstuen,59.9291529,10.7153089,Kaffebrenneriet,59.929915017354766,10.710840321220024,Coffee Shop
Majorstuen,59.9291529,10.7153089,Frognerbadet,59.92794118809644,10.707658732471103,Water Park
Majorstuen,59.9291529,10.7153089,Krishnas Cuisine,59.93025047528381,10.709741752082993,Vegetarian / Vegan Restaurant
Majorstuen,59.9291529,10.7153089,Den Gamle Major,59.928707985403406,10.715789794921875,Pub
Majorstuen,59.9291529,10.7153089,Norwegian Wood,59.92793773665725,10.706769405572233,Concert Hall
Majorstuen,59.9291529,10.7153089,Gate of India,59.928959977511774,10.715625379142075,Indian Restaurant
Majorstuen,59.9291529,10.7153089,Glassbaren,59.932307477949294,10.712349181602328,Bar
Majorstuen,59.9291529,10.7153089,Baker Hansen Bogstadveien,59.927525,10.720586,Bakery
Majorstuen,59.9291529,10.7153089,Valkyrien Burger,59.928151820054715,10.71822450572928,Burger Joint
Majorstuen,59.9291529,10.7153089,Espresso House,59.926849004473546,10.720384809103557,Café
Majorstuen,59.9291529,10.7153089,Vinmonopolet,59.93075039303557,10.710483862853097,Wine Shop
Majorstuen,59.9291529,10.7153089,Frogner Stadion,59.92743618166452,10.7100732745751,Soccer Stadium
Majorstuen,59.9291529,10.7153089,Baker Hansen,59.92811850497721,10.718186184424653,Bakery
Majorstuen,59.9291529,10.7153089,Le Rustique,59.92733498291734,10.716095522139266,Café
Majorstuen,59.9291529,10.7153089,House Of Sushi,59.92749329215328,10.721441342896005,Sushi Restaurant
Majorstuen,59.9291529,10.7153089,Meny,59.92627663176534,10.720092194182412,Grocery Store
Majorstuen,59.9291529,10.7153089,Starbucks,59.92843704347597,10.716877081773399,Coffee Shop
Majorstuen,59.9291529,10.7153089,Oktoberfest Chateau Neuf,59.932268866441355,10.712985890895515,Beer Garden
Majorstuen,59.9291529,10.7153089,Espresso House,59.92903202616131,10.717238842531447,Café
Majorstuen,59.9291529,10.7153089,Subway,59.92750156050285,10.71983284884027,Sandwich Place
Majorstuen,59.9291529,10.7153089,The Broker,59.9262568935221,10.721424293671939,Bar
Majorstuen,59.9291529,10.7153089,La Såda,59.92809791515349,10.721673195790236,Pizza Place
Majorstuen,59.9291529,10.7153089,Mad Fork,59.928973978333275,10.718298410343753,Comfort Food Restaurant
Majorstuen,59.9291529,10.7153089,Det Norske Studentersamfund (Chateau Neuf),59.93230854484658,10.712410345305422,Theater
Majorstuen,59.9291529,10.7153089,Sushi & Wok,59.92980794975029,10.711668813283355,Asian Restaurant
Majorstuen,59.9291529,10.7153089,XXL Sport & Villmark,59.93086919805978,10.711241348548276,Sporting Goods Shop
Majorstuen,59.9291529,10.7153089,Yaya's,59.92613249222808,10.719584926385505,Thai Restaurant
Majorstuen,59.9291529,10.7153089,Karabista,59.9282289172626,10.70878846733062,Café
Majorstuen,59.9291529,10.7153089,Oslo Kino,59.929925621402695,10.71115493774414,Multiplex
Majorstuen,59.9291529,10.7153089,Colosseum Park,59.928637554389375,10.710071637374412,Shopping Plaza
Majorstuen,59.9291529,10.7153089,Evo Fitness,59.931073362089485,10.709946933716934,Gym
Majorstuen,59.9291529,10.7153089,Tørteberg kunstgress,59.93315276255505,10.712653050873747,Soccer Field
Uranienborg,59.920435600000005,10.7210202,Flâneur Foods,59.919153346049136,10.719089644324388,Deli / Bodega
Uranienborg,59.920435600000005,10.7210202,Mocca Kaffebar & Brenneri,59.91937862789722,10.718841884427981,Coffee Shop
Uranienborg,59.920435600000005,10.7210202,Bonita,59.919847,10.718208,Café
Uranienborg,59.920435600000005,10.7210202,Bokbacka,59.917795,10.718433,Scandinavian Restaurant
Uranienborg,59.920435600000005,10.7210202,Barry's Bootcamp,59.920432,10.727309,Gym / Fitness Center
Uranienborg,59.920435600000005,10.7210202,Sawan,59.91880107621177,10.715841354056133,Asian Restaurant
Uranienborg,59.920435600000005,10.7210202,Saga Hotel,59.922921586235496,10.720314826648313,Hotel
Uranienborg,59.920435600000005,10.7210202,Vinmonopolet (Briskeby),59.920688121045536,10.717096347084478,Wine Shop
Uranienborg,59.920435600000005,10.7210202,Uranienborgparken,59.92168890757367,10.720939636230469,Park
Uranienborg,59.920435600000005,10.7210202,Åpent Bakeri,59.916696134759384,10.720426902841382,Bakery
Uranienborg,59.920435600000005,10.7210202,Litteraturhuset,59.92038503927393,10.728340389371375,General Entertainment
Uranienborg,59.920435600000005,10.7210202,Fyr,59.9236258959627,10.726194158938732,Restaurant
Uranienborg,59.920435600000005,10.7210202,Kaffebrenneriet,59.922081,10.727232,Coffee Shop
Uranienborg,59.920435600000005,10.7210202,Plah Bar & Restaurant,59.9203516401329,10.72996630508937,Thai Restaurant
Uranienborg,59.920435600000005,10.7210202,Pizza Pancetta,59.92108057657287,10.71666948816128,Pizza Place
Uranienborg,59.920435600000005,10.7210202,Kiwi Briskeby,59.92261227646797,10.715704135065607,Convenience Store
Uranienborg,59.920435600000005,10.7210202,Juels 33 kolonial,59.917514,10.715817,Grocery Store
Uranienborg,59.920435600000005,10.7210202,Campo De Fiori,59.923138,10.726022,Italian Restaurant
Uranienborg,59.920435600000005,10.7210202,Plah Home,59.919879,10.718338,Thai Restaurant
Uranienborg,59.920435600000005,10.7210202,Oslo Mikrobryggeri,59.924401657259516,10.724105103196088,Brewery
Uranienborg,59.920435600000005,10.7210202,COS,59.92167256739645,10.727224351643448,Clothing Store
Uranienborg,59.920435600000005,10.7210202,Frogner House Apartments,59.91662664950897,10.716384607034946,Hotel
Uranienborg,59.920435600000005,10.7210202,Kaffebrenneriet,59.920671529695696,10.728304033403942,Coffee Shop
Uranienborg,59.920435600000005,10.7210202,Brasserie Blanche,59.92331767987805,10.725931156412383,French Restaurant
Uranienborg,59.920435600000005,10.7210202,Arte Pazza,59.92112976751503,10.729057150649306,Pizza Place
Uranienborg,59.920435600000005,10.7210202,Bikram Yoga,59.922099893032204,10.729157611765482,Yoga Studio
Uranienborg,59.920435600000005,10.7210202,Mabou,59.92130344202423,10.72739920554619,Cocktail Bar
Uranienborg,59.920435600000005,10.7210202,Espresso House,59.9205328,10.7275397,Café
Uranienborg,59.920435600000005,10.7210202,Cafe Lorry,59.92056,10.72875,Bar
Uranienborg,59.920435600000005,10.7210202,Kiwi,59.92206611765547,10.72741766100397,Grocery Store
Uranienborg,59.920435600000005,10.7210202,Rust,59.9204930696182,10.7296925026881,Tapas Restaurant
Uranienborg,59.920435600000005,10.7210202,Cochs Pensjonat,59.9205414,10.7280795,Bed & Breakfast
Uranienborg,59.920435600000005,10.7210202,Horgan's,59.92111300423592,10.72779530610862,Sports Bar
Uranienborg,59.920435600000005,10.7210202,Trafalgar Pub,59.92181905126517,10.727053522379592,Pub
Uranienborg,59.920435600000005,10.7210202,Filippa K,59.9209484,10.7283501,Clothing Store
Ekebergskråningen,59.8915578,10.763133999999999,Ekebergskråningen Naturreservat,59.8904586897675,10.761380298043523,Scenic Lookout
Ekebergskråningen,59.8915578,10.763133999999999,Café Utsikten,59.89253215789286,10.762696266174316,Café
Ekebergskråningen,59.8915578,10.763133999999999,Sydhavna,59.88936208906633,10.763258271633484,Port
Ekebergskråningen,59.8915578,10.763133999999999,Hundesletta,59.894158,10.765179,Dog Run
Ekebergskråningen,59.8915578,10.763133999999999,lugar 6513 Stena Saga,59.89387549952702,10.75940820645267,Boat or Ferry
Ekebergskråningen,59.8915578,10.763133999999999,Hundejordet Ekeberg,59.894582249249375,10.765401407448968,Dog Run
Ekebergskråningen,59.8915578,10.763133999999999,Port Shop,59.88720198088224,10.76277363771766,Burger Joint
Ekebergskråningen,59.8915578,10.763133999999999,Skyspace,59.89595587822021,10.76270383468928,Public Art
Enerhaugen,59.913294400000005,10.7691243,Lahori Dera Tandoori,59.91316171942033,10.765275304280062,Indian Restaurant
Enerhaugen,59.913294400000005,10.7691243,Grådi,59.91447,10.771133,Bistro
Enerhaugen,59.913294400000005,10.7691243,Golden Chimp,59.91411836049998,10.767512805084515,Dumpling Restaurant
Enerhaugen,59.913294400000005,10.7691243,Postkontoret,59.914087627079894,10.774992357349594,Bar
Enerhaugen,59.913294400000005,10.7691243,Kaffebrenneriet,59.911621,10.76699,Coffee Shop
Enerhaugen,59.913294400000005,10.7691243,Siste Sang,59.911696870595485,10.766617528577699,Beer Store
Enerhaugen,59.913294400000005,10.7691243,Olympen,59.91230682126749,10.764540316069697,Bar
Enerhaugen,59.913294400000005,10.7691243,Human Mote,59.91449945903986,10.776148694539824,Bar
Enerhaugen,59.913294400000005,10.7691243,Oslo Mekaniske Verksted,59.91126046041753,10.76242452422062,Bar
Enerhaugen,59.913294400000005,10.7691243,Darbar,59.915217831850875,10.769865497365902,Indian Restaurant
Enerhaugen,59.913294400000005,10.7691243,Fresh Fitness,59.91191542000023,10.766242832903558,Gym / Fitness Center
Enerhaugen,59.913294400000005,10.7691243,Brutus,59.91135314229696,10.771187787487289,Wine Bar
Enerhaugen,59.913294400000005,10.7691243,Palmyra Café,59.91416141234773,10.763117878100644,Café
Enerhaugen,59.913294400000005,10.7691243,Munks,59.91467553782208,10.775642492246016,Thai Restaurant
Enerhaugen,59.913294400000005,10.7691243,"Piknikparken, Botanisk Hage",59.91641531918093,10.76890440662558,Park
Enerhaugen,59.913294400000005,10.7691243,Norð & Natt,59.914654675478104,10.775468877214779,Bakery
Enerhaugen,59.913294400000005,10.7691243,TSV Workbar,59.914390208930655,10.77545492151864,Coffee Shop
Enerhaugen,59.913294400000005,10.7691243,Wasabi Sushi,59.91452907375352,10.775737448230931,Sushi Restaurant
Enerhaugen,59.913294400000005,10.7691243,Backstube,59.9147106293027,10.775587619238388,Bakery
Enerhaugen,59.913294400000005,10.7691243,Skatten Oslo,59.914588,10.775139,Bar
Enerhaugen,59.913294400000005,10.7691243,Mad Goat Tap Room,59.91117137394141,10.76265518304941,Pub
Enerhaugen,59.913294400000005,10.7691243,Dattera til Hagen,59.91342122291652,10.76030858724276,Bar
Enerhaugen,59.913294400000005,10.7691243,Victoriahuset,59.91759632208471,10.771446208192808,Botanical Garden
Enerhaugen,59.913294400000005,10.7691243,Asylet,59.9128048899648,10.762259046759135,Bar
Enerhaugen,59.913294400000005,10.7691243,Punjab Tandoori,59.91278568980724,10.761837840724349,Indian Restaurant
Enerhaugen,59.913294400000005,10.7691243,Rudolf Nilsens plass,59.916120802464164,10.765458822102236,Park
Enerhaugen,59.913294400000005,10.7691243,Bruket,59.909849,10.76534,Bar
Enerhaugen,59.913294400000005,10.7691243,Brooklyn Burger Joint,59.91449,10.775551,Burger Joint
Enerhaugen,59.913294400000005,10.7691243,Sushi Deluxe,59.90884009740669,10.768290301727914,Sushi Restaurant
Enerhaugen,59.913294400000005,10.7691243,Pigalle,59.912302092494635,10.764537397016724,Lounge
Enerhaugen,59.913294400000005,10.7691243,Anatolia Tyrkisk restaurant,59.91464973895612,10.77570766908094,Turkish Restaurant
Enerhaugen,59.913294400000005,10.7691243,Evita Espressobar,59.91131163883074,10.763131807240924,Coffee Shop
Enerhaugen,59.913294400000005,10.7691243,Caffè Liscio,59.910197469023515,10.763241051340804,Coffee Shop
Enerhaugen,59.913294400000005,10.7691243,Hagestuen Café,59.913673,10.776224,Café
Enerhaugen,59.913294400000005,10.7691243,Caféteatret,59.91043159485169,10.767046884317018,Café
Enerhaugen,59.913294400000005,10.7691243,Botsparken,59.90946057904994,10.769191750328508,Park
Enerhaugen,59.913294400000005,10.7691243,Stamina KEY Grønland,59.91038364451746,10.76274577406357,Gym
Ensjø,59.9144152,10.788475,Safe as Milk,59.9153735372476,10.788560988298476,Gastropub
Ensjø,59.9144152,10.788475,Kampen Bistro,59.91382241448559,10.78106229014384,Bar
Ensjø,59.9144152,10.788475,Kampens Park,59.914838061511546,10.780669610346587,Park
Ensjø,59.9144152,10.788475,Avis Ensjø,59.91540908144795,10.786654118937617,Rental Car Location
Ensjø,59.9144152,10.788475,Boulangerie M,59.91795403109754,10.787386288156576,Bakery
Ensjø,59.9144152,10.788475,SATS,59.910536603252226,10.788357742851424,Gym / Fitness Center
Ensjø,59.9144152,10.788475,Fresh Fitness,59.91466563139453,10.788596090494755,Gym / Fitness Center
Ensjø,59.9144152,10.788475,Jordal Amfi,59.91108411810373,10.785044410197955,Hockey Arena
Ensjø,59.9144152,10.788475,Rema 1000,59.91511585,10.78778977,Grocery Store
Ensjø,59.9144152,10.788475,Narvesen,59.913575140187056,10.788489424466091,Convenience Store
Ensjø,59.9144152,10.788475,Oslo Dyreklinikk,59.91420394299747,10.788570639882671,Veterinarian
Ensjø,59.9144152,10.788475,Kampen Barnebondegård,59.913109,10.785081,Farm
Ensjø,59.9144152,10.788475,Joker,59.91757516160113,10.787233114242554,Grocery Store
Ensjø,59.9144152,10.788475,Javelin Coffee & Tea,59.911938,10.781153,Café
Etterstad,59.9081199,10.7989463,Svartdalsparken,59.904788394979136,10.792934101194875,Park
Etterstad,59.9081199,10.7989463,Rema 1000,59.906656941,10.795617937,Grocery Store
Etterstad,59.9081199,10.7989463,Etterstad Kolonihager,59.90824340343635,10.79308032989502,Garden
Etterstad,59.9081199,10.7989463,Helsfyr I Etterstadsletta,59.91215995545069,10.801007544768755,Bus Station
Gamlebyen,59.9043544,10.769846000000001,Fuglen Coffee Roasters Oslo,59.906185,10.774646,Coffee Shop
Gamlebyen,59.9043544,10.769846000000001,Ladegården Café,59.90620076662241,10.767433044045774,Café
Gamlebyen,59.9043544,10.769846000000001,Middelalderparken,59.904239274329186,10.76237820067898,Park
Gamlebyen,59.9043544,10.769846000000001,Stockfleths,59.90849813867809,10.768222213955598,Coffee Shop
Gamlebyen,59.9043544,10.769846000000001,Kumi,59.908417,10.76944,Café
Gamlebyen,59.9043544,10.769846000000001,Neseblod,59.908397,10.769482,Record Shop
Gamlebyen,59.9043544,10.769846000000001,Roald & Umberto,59.908402092140804,10.769482254981995,Italian Restaurant
Gamlebyen,59.9043544,10.769846000000001,Helvete,59.90834023053267,10.769305229187012,Record Shop
Gamlebyen,59.9043544,10.769846000000001,Harald Hårdrådes Plass,59.90755612978674,10.77289404641447,Plaza
Gamlebyen,59.9043544,10.769846000000001,Cafekontoret,59.90877352616805,10.768195354785178,Restaurant
Gamlebyen,59.9043544,10.769846000000001,St. Halvards Plass,59.90605850503075,10.767914964663245,Plaza
Gamlebyen,59.9043544,10.769846000000001,Kiwi,59.9022033269585,10.768393502710959,Market
Gamlebyen,59.9043544,10.769846000000001,Oslo Gate (trikk),59.908354,10.767899,Light Rail Station
Gamlebyen,59.9043544,10.769846000000001,411-bussen,59.90673639024058,10.776946102624887,Moving Target
Grønland,59.9127953,10.7601614,Oslo Mekaniske Verksted,59.91126046041753,10.76242452422062,Bar
Grønland,59.9127953,10.7601614,Holy Cow,59.91092900304218,10.761418048592063,Indian Restaurant
Grønland,59.9127953,10.7601614,Maaemo,59.910431064195976,10.760290770645357,Scandinavian Restaurant
Grønland,59.9127953,10.7601614,Grønlands Torg Frukt & Grønt,59.91249898941618,10.759322761551648,Grocery Store
Grønland,59.9127953,10.7601614,Prindsen Hage,59.91456027515591,10.755483978678717,Beer Garden
Grønland,59.9127953,10.7601614,Dattera til Hagen,59.91342122291652,10.76030858724276,Bar
Grønland,59.9127953,10.7601614,Lahori Dera Tandoori,59.91316171942033,10.765275304280062,Indian Restaurant
Grønland,59.9127953,10.7601614,Palmyra Café,59.91416141234773,10.763117878100644,Café
Grønland,59.9127953,10.7601614,Brewgata,59.91414939555295,10.754895843701888,Bar
Grønland,59.9127953,10.7601614,Olympen,59.91230682126749,10.764540316069697,Bar
Grønland,59.9127953,10.7601614,Vaterland,59.9137141707853,10.75606592881445,Rock Club
Grønland,59.9127953,10.7601614,SATS,59.91283,10.754928,Gym / Fitness Center
Grønland,59.9127953,10.7601614,Mad Goat Tap Room,59.91117137394141,10.76265518304941,Pub
Grønland,59.9127953,10.7601614,4 Gringos,59.91078322357361,10.757029801652266,Food Truck
Grønland,59.9127953,10.7601614,Gaasa,59.91550092548835,10.755950708403322,Beer Garden
Grønland,59.9127953,10.7601614,Evita Espressobar,59.913562529713374,10.757384469257214,Coffee Shop
Grønland,59.9127953,10.7601614,Asylet,59.9128048899648,10.762259046759135,Bar
Grønland,59.9127953,10.7601614,Punjab Tandoori,59.91278568980724,10.761837840724349,Indian Restaurant
Grønland,59.9127953,10.7601614,Siste Sang,59.911696870595485,10.766617528577699,Beer Store
Grønland,59.9127953,10.7601614,Kaffebrenneriet,59.911621,10.76699,Coffee Shop
Grønland,59.9127953,10.7601614,Golden Chimp,59.91411836049998,10.767512805084515,Dumpling Restaurant
Grønland,59.9127953,10.7601614,Pels Pels Barbers,59.91408457873092,10.75168848173448,Health & Beauty Service
Grønland,59.9127953,10.7601614,Fresh Fitness,59.91191542000023,10.766242832903558,Gym / Fitness Center
Grønland,59.9127953,10.7601614,Radisson Blu Plaza Hotel,59.912404024290836,10.755937099456787,Hotel
Grønland,59.9127953,10.7601614,Evita Espressobar,59.912351112434344,10.760317816792904,Coffee Shop
Grønland,59.9127953,10.7601614,Misfornøyelsesbar,59.915381068767736,10.756069826357743,Bar
Grønland,59.9127953,10.7601614,Backstube,59.91307505255397,10.752911726935535,Bakery
Grønland,59.9127953,10.7601614,Evita Espressobar,59.91131163883074,10.763131807240924,Coffee Shop
Grønland,59.9127953,10.7601614,Café Fiasco,59.91208678598209,10.755198300067487,Pub
Grønland,59.9127953,10.7601614,Caffè Liscio,59.910197469023515,10.763241051340804,Coffee Shop
Grønland,59.9127953,10.7601614,Oslo Sentralstasjon,59.910654109510816,10.75381285945494,Train Station
Grønland,59.9127953,10.7601614,Forenom Aparthotel,59.913827,10.759516,Hotel
Grønland,59.9127953,10.7601614,Stockfleths,59.912545,10.751837,Coffee Shop
Grønland,59.9127953,10.7601614,Bruket,59.909849,10.76534,Bar
Grønland,59.9127953,10.7601614,Scandic Byporten,59.911964393321284,10.751419819664482,Hotel
Grønland,59.9127953,10.7601614,Istanbul,59.91296146579015,10.761130356730195,Turkish Restaurant
Grønland,59.9127953,10.7601614,Platekompaniet,59.91253298202082,10.752563715417851,Record Shop
Grønland,59.9127953,10.7601614,Meny,59.91251954752769,10.752963241835149,Supermarket
Grønland,59.9127953,10.7601614,Pigalle,59.912302092494635,10.764537397016724,Lounge
Grønland,59.9127953,10.7601614,Rudolf Nilsens plass,59.916120802464164,10.765458822102236,Park
Grønland,59.9127953,10.7601614,Oslo Spektrum,59.91292283707551,10.754178727172755,Concert Hall
Grønland,59.9127953,10.7601614,Bambus Sushi,59.9119,10.751475,Sushi Restaurant
Grønland,59.9127953,10.7601614,SmoothieXchange,59.91159722195633,10.753190517425537,Smoothie Shop
Grønland,59.9127953,10.7601614,Vinny's Kebab,59.91323570639979,10.753670405742888,Fast Food Restaurant
Grønland,59.9127953,10.7601614,OBENTO,59.91527,10.753256,Japanese Restaurant
Grønland,59.9127953,10.7601614,Tandoori Curry Corner,59.912832,10.761578,Indian Restaurant
Grønland,59.9127953,10.7601614,Starbucks,59.91266834013156,10.7627990625497,Coffee Shop
Grønland,59.9127953,10.7601614,La Villa,59.91257,10.763645,Italian Restaurant
Grønland,59.9127953,10.7601614,Grønland Torg,59.91271739402048,10.761777045621374,Plaza
Grønland,59.9127953,10.7601614,Bit,59.91256829869151,10.752651496359446,Salad Place
Grønland,59.9127953,10.7601614,Max,59.912663120156786,10.763361367204807,Burger Joint
Grønland,59.9127953,10.7601614,Vintage Kitchen,59.91693,10.762462,Restaurant
Grønland,59.9127953,10.7601614,34 SkyBar,59.91232673631973,10.755650623540221,Hotel Bar
Grønland,59.9127953,10.7601614,Far East,59.91509356500285,10.753241838885105,Asian Restaurant
Grønland,59.9127953,10.7601614,Leon,59.91136473199152,10.753737428946502,Fast Food Restaurant
Grønland,59.9127953,10.7601614,Posthuset,59.91182461971253,10.754278732700993,Office
Grønland,59.9127953,10.7601614,Espresso House,59.9138834,10.7536016,Café
Grønland,59.9127953,10.7601614,Teddys Softbar,59.91423705252893,10.754260361592921,Bar
Grønland,59.9127953,10.7601614,Vinmonopolet (Oslo City),59.912491595428456,10.752963042436445,Wine Shop
Grønland,59.9127953,10.7601614,Beirut Kebab,59.91257320384011,10.761344360116455,Fast Food Restaurant
Grønland,59.9127953,10.7601614,Ali Baba,59.91261093538472,10.763665076997068,Mediterranean Restaurant
Grønland,59.9127953,10.7601614,Le Meo Sushi,59.91127329140816,10.762972363014232,Sushi Restaurant
Grønland,59.9127953,10.7601614,Espresso House,59.9087283020438,10.757934308509085,Café
Grønland,59.9127953,10.7601614,Burrito Project - Oslo City,59.912632,10.752598,Burrito Place
Grønland,59.9127953,10.7601614,Sea Sushi & Thai Restaurant,59.91427683538964,10.75400729623325,Sushi Restaurant
Grønland,59.9127953,10.7601614,Caféteatret,59.91043159485169,10.767046884317018,Café
Grønland,59.9127953,10.7601614,Brunello,59.91315470821485,10.752808898440632,Italian Restaurant
Grønland,59.9127953,10.7601614,Meny,59.912583772196925,10.762182995921501,Grocery Store
Grønland,59.9127953,10.7601614,Grønland Gym,59.91143203447555,10.762918577590527,Bar
Grønland,59.9127953,10.7601614,Oscar's Restaurant,59.91099929134319,10.762759349148835,Pizza Place
Grønland,59.9127953,10.7601614,Starbucks,59.91252591324378,10.752855491756746,Coffee Shop
Grønland,59.9127953,10.7601614,Specsavers Oslo - Grønlandstorg,59.912693787714915,10.761529945685146,Optical Shop
Grønland,59.9127953,10.7601614,Annette Thommessens Plass,59.91068586965019,10.761258732879902,Plaza
Grønland,59.9127953,10.7601614,Kaffebrenneriet,59.91054,10.761452,Coffee Shop
Grønland,59.9127953,10.7601614,Oslo City,59.91254963383379,10.752946796260535,Shopping Mall
Grønland,59.9127953,10.7601614,Peppes Pizza,59.9112871222772,10.752092089392795,Pizza Place
Grønland,59.9127953,10.7601614,Bit,59.911796116784494,10.753039156591683,Salad Place
Grønland,59.9127953,10.7601614,Thon Hotel Terminus,59.91326162856308,10.752769162038696,Hotel
Grønland,59.9127953,10.7601614,Deli de Luca,59.91074766959951,10.752957021671513,Deli / Bodega
Grønland,59.9127953,10.7601614,H&M,59.9127994,10.7521948,Clothing Store
Helsfyr,59.9143915,10.7977903,Brick Lane Café,59.91360566584627,10.798087784471491,Coffee Shop
Helsfyr,59.9143915,10.7977903,Baker Hansen,59.91410217088742,10.797599433355725,Bakery
Helsfyr,59.9143915,10.7977903,Domino's Pizza Helsfyr,59.91316,10.7987385,Pizza Place
Helsfyr,59.9143915,10.7977903,Narvesen,59.91306827682849,10.799528360366821,Convenience Store
Helsfyr,59.9143915,10.7977903,Fyrstikktorget (B),59.913920283349285,10.800343140589932,Bus Station
Helsfyr,59.9143915,10.7977903,Helsfyr (T),59.91314606424035,10.799669480022313,Metro Station
Helsfyr,59.9143915,10.7977903,Vitamin Torget,59.91260041598916,10.800925862033461,Food & Drink Shop
Helsfyr,59.9143915,10.7977903,Flybussen Helsfyr,59.91326987743378,10.802487,Bus Station
Helsfyr,59.9143915,10.7977903,Folkets Kebab,59.91778361530038,10.800280528541949,Fast Food Restaurant
Helsfyr,59.9143915,10.7977903,Scandic Helsfyr,59.91558564750228,10.804716187920011,Hotel
Helsfyr,59.9143915,10.7977903,Fue - Fjords Underwater Explorers,59.912216,10.805547,Dive Shop
Kampen,59.9127314,10.7802475,Kampen Bistro,59.91382241448559,10.78106229014384,Bar
Kampen,59.9127314,10.7802475,Kampens Park,59.914838061511546,10.780669610346587,Park
Kampen,59.9127314,10.7802475,Human Mote,59.91449945903986,10.776148694539824,Bar
Kampen,59.9127314,10.7802475,Postkontoret,59.914087627079894,10.774992357349594,Bar
Kampen,59.9127314,10.7802475,Munks,59.91467553782208,10.775642492246016,Thai Restaurant
Kampen,59.9127314,10.7802475,TSV Workbar,59.914390208930655,10.77545492151864,Coffee Shop
Kampen,59.9127314,10.7802475,Norð & Natt,59.914654675478104,10.775468877214779,Bakery
Kampen,59.9127314,10.7802475,Wasabi Sushi,59.91452907375352,10.775737448230931,Sushi Restaurant
Kampen,59.9127314,10.7802475,Det Grønne Kjøkken,59.90993795766477,10.777444180150232,Food
Kampen,59.9127314,10.7802475,Backstube,59.9147106293027,10.775587619238388,Bakery
Kampen,59.9127314,10.7802475,Skatten Oslo,59.914588,10.775139,Bar
Kampen,59.9127314,10.7802475,Brooklyn Burger Joint,59.91449,10.775551,Burger Joint
Kampen,59.9127314,10.7802475,Avis Ensjø,59.91540908144795,10.786654118937617,Rental Car Location
Kampen,59.9127314,10.7802475,Anatolia Tyrkisk restaurant,59.91464973895612,10.77570766908094,Turkish Restaurant
Kampen,59.9127314,10.7802475,Hagestuen Café,59.913673,10.776224,Café
Kampen,59.9127314,10.7802475,Tøyen Torg,59.91444692613705,10.77524841747242,Shopping Mall
Kampen,59.9127314,10.7802475,Carinas Smak Til Behag,59.915257868999156,10.773065657550456,Café
Kampen,59.9127314,10.7802475,Javelin Coffee & Tea,59.911938,10.781153,Café
Kampen,59.9127314,10.7802475,Jordal Amfi,59.91108411810373,10.785044410197955,Hockey Arena
Kampen,59.9127314,10.7802475,Best Western Kampen Apartment Hotel Oslo,59.914015,10.7773627,Hotel
Kampen,59.9127314,10.7802475,LilleKampen,59.913920759597644,10.78160047531128,Café
Kampen,59.9127314,10.7802475,Oslo Norwegian Hotel,59.914173,10.777783,Hotel
Kampen,59.9127314,10.7802475,Sommerfrydhagen,59.91166488300529,10.775830526262139,Park
Kampen,59.9127314,10.7802475,Glasnost,59.9146,10.776025,Bar
Kampen,59.9127314,10.7802475,Kiwi,59.911872556164056,10.786047200994117,Grocery Store
Kampen,59.9127314,10.7802475,Jordal Kunstgress,59.90993761938065,10.78497160196266,Soccer Field
Kampen,59.9127314,10.7802475,Ensjø (T),59.9140007965789,10.787259187243173,Metro Station
Kampen,59.9127314,10.7802475,Caltexløkka Fotballbane,59.916521946721716,10.778348735660051,Soccer Field
Kampen,59.9127314,10.7802475,Jordal Skatepark,59.909400518524706,10.784421120743206,Skate Park
Kampen,59.9127314,10.7802475,Rema 1000,59.91511585,10.78778977,Grocery Store
Tøyen,59.9157566,10.7757946,Human Mote,59.91449945903986,10.776148694539824,Bar
Tøyen,59.9157566,10.7757946,Postkontoret,59.914087627079894,10.774992357349594,Bar
Tøyen,59.9157566,10.7757946,Munchmuseet,59.91709384689018,10.774235129356384,Art Museum
Tøyen,59.9157566,10.7757946,Munks,59.91467553782208,10.775642492246016,Thai Restaurant
Tøyen,59.9157566,10.7757946,Kampens Park,59.914838061511546,10.780669610346587,Park
Tøyen,59.9157566,10.7757946,Norð & Natt,59.914654675478104,10.775468877214779,Bakery
Tøyen,59.9157566,10.7757946,Grådi,59.91447,10.771133,Bistro
Tøyen,59.9157566,10.7757946,TSV Workbar,59.914390208930655,10.77545492151864,Coffee Shop
Tøyen,59.9157566,10.7757946,Wasabi Sushi,59.91452907375352,10.775737448230931,Sushi Restaurant
Tøyen,59.9157566,10.7757946,Miniøya,59.9179349092773,10.776848610269296,Music Venue
Tøyen,59.9157566,10.7757946,Kampen Bistro,59.91382241448559,10.78106229014384,Bar
Tøyen,59.9157566,10.7757946,Backstube,59.9147106293027,10.775587619238388,Bakery
Tøyen,59.9157566,10.7757946,Dufthagen Botanisk Hage,59.91771286058551,10.77283067946291,Garden
Tøyen,59.9157566,10.7757946,Skatten Oslo,59.914588,10.775139,Bar
Tøyen,59.9157566,10.7757946,Stockfleth's,59.9174130656353,10.775137845285466,Coffee Shop
Tøyen,59.9157566,10.7757946,Victoriahuset,59.91759632208471,10.771446208192808,Botanical Garden
Tøyen,59.9157566,10.7757946,Handwerk Botaniske,59.91819647930954,10.77051278928264,Bakery
Tøyen,59.9157566,10.7757946,Darbar,59.915217831850875,10.769865497365902,Indian Restaurant
Tøyen,59.9157566,10.7757946,"Piknikparken, Botanisk Hage",59.91641531918093,10.76890440662558,Park
Tøyen,59.9157566,10.7757946,Brooklyn Burger Joint,59.91449,10.775551,Burger Joint
Tøyen,59.9157566,10.7757946,Golden Chimp,59.91411836049998,10.767512805084515,Dumpling Restaurant
Tøyen,59.9157566,10.7757946,Anatolia Tyrkisk restaurant,59.91464973895612,10.77570766908094,Turkish Restaurant
Tøyen,59.9157566,10.7757946,Naturhistorisk Museum,59.918866514887284,10.772247922962476,Science Museum
Tøyen,59.9157566,10.7757946,Hagestuen Café,59.913673,10.776224,Café
Tøyen,59.9157566,10.7757946,Tøyenbadet,59.9191881181886,10.778115192040765,Water Park
Tøyen,59.9157566,10.7757946,LilleKampen,59.913920759597644,10.78160047531128,Café
Vålerenga,59.9073438,10.7846849,Smia Galleri,59.90644029260223,10.785445318100303,Gastropub
Vålerenga,59.9073438,10.7846849,Galgen,59.90797164816437,10.783087134928092,Bar
Vålerenga,59.9073438,10.7846849,Vålerenga park,59.906887794438205,10.787286758422852,Park
Vålerenga,59.9073438,10.7846849,Vålerenga Vertshus,59.909576680604225,10.789613228697768,Sports Bar
Vålerenga,59.9073438,10.7846849,Det Grønne Kjøkken,59.90993795766477,10.777444180150232,Food
Vålerenga,59.9073438,10.7846849,Pizzeria de la pietra,59.908268539084794,10.787194249763154,Pizza Place
Vålerenga,59.9073438,10.7846849,SATS,59.910536603252226,10.788357742851424,Gym / Fitness Center
Vålerenga,59.9073438,10.7846849,The Times Bar,59.9073987522055,10.779451819869186,Pub
Vålerenga,59.9073438,10.7846849,Jordal Amfi,59.91108411810373,10.785044410197955,Hockey Arena
Vålerenga,59.9073438,10.7846849,Jordal Skatepark,59.909400518524706,10.784421120743206,Skate Park
Vålerenga,59.9073438,10.7846849,Vålerenga (B),59.908940721886864,10.788346699016687,Bus Station
Vålerenga,59.9073438,10.7846849,Jordal Kunstgress,59.90993761938065,10.78497160196266,Soccer Field
Vålerenga,59.9073438,10.7846849,Galgeberg Dagligvare,59.907821743342126,10.779338255394531,Grocery Store
Vålerenga,59.9073438,10.7846849,Kiwi,59.904063179343254,10.787552538554577,Grocery Store
Vålerenga,59.9073438,10.7846849,Galgeberg Park,59.90724960965544,10.777438295906078,Park
Valle-Hovin,59.918346,10.804679199999999,Intility Arena,59.917916890716825,10.806525417610828,Soccer Stadium
Valle-Hovin,59.918346,10.804679199999999,ØST,59.91693709497236,10.806190429878587,Sports Bar
Valle-Hovin,59.918346,10.804679199999999,Vallhall Arena,59.92029286687018,10.805719035750073,Music Venue
Valle-Hovin,59.918346,10.804679199999999,Valle Hovin,59.91833341977906,10.804667472839355,Skating Rink
Valle-Hovin,59.918346,10.804679199999999,Valhall Arena,59.91914740391691,10.801978999062753,Soccer Field
Valle-Hovin,59.918346,10.804679199999999,Folkets Kebab,59.91778361530038,10.800280528541949,Fast Food Restaurant
Valle-Hovin,59.918346,10.804679199999999,Scandic Helsfyr,59.91558564750228,10.804716187920011,Hotel
Valle-Hovin,59.918346,10.804679199999999,Hovindammen,59.91999393544919,10.800370228889662,Lake
Valle-Hovin,59.918346,10.804679199999999,Teisenkrysset (B),59.91728378925595,10.810707100441295,Bus Station
Valle-Hovin,59.918346,10.804679199999999,Vallhall Trening og Terapisenter,59.919406444674664,10.810883368003292,Gym / Fitness Center
Valle-Hovin,59.918346,10.804679199999999,Hovin Park,59.920728,10.800129,Park
Valle-Hovin,59.918346,10.804679199999999,vallefeltet,59.921257,10.8012,Athletics & Sports
Grorud,59.961424300000004,10.880548800000001,Pizzabua,59.960733917671774,10.885253501798845,Pizza Place
Grorud,59.961424300000004,10.880548800000001,Grorud (B),59.96115704300922,10.882909728983623,Bus Station
Grorud,59.961424300000004,10.880548800000001,Vinmonopolet (Grorud),59.96069631643103,10.882320986702732,Wine Shop
Grorud,59.961424300000004,10.880548800000001,REMA 1000 Grorud,59.96098448,10.88418401,Supermarket
Grorud,59.961424300000004,10.880548800000001,Coop Extra,59.96071687195409,10.885209867480988,Grocery Store
Grorud,59.961424300000004,10.880548800000001,Narvesen,59.96071672573884,10.885224093561357,Convenience Store
Grorud,59.961424300000004,10.880548800000001,Mix,59.960705300164385,10.885236010090788,Convenience Store
Grorud,59.961424300000004,10.880548800000001,Meny,59.96070898041701,10.885241409022848,Grocery Store
Grorud,59.961424300000004,10.880548800000001,Grorud Idrettspark,59.95795119492719,10.880030905865148,Soccer Field
Ammerud,59.95830079999999,10.8720569,REMA 1000 Ammerud,59.9588669,10.87150478,Supermarket
Ammerud,59.95830079999999,10.8720569,Ammerud (T),59.958096432470434,10.871518711704171,Metro Station
Ammerud,59.95830079999999,10.8720569,Kiwi,59.958846959340114,10.870833134413246,Grocery Store
Ammerud,59.95830079999999,10.8720569,Apalløkka idrettshall,59.95858246934704,10.865513850643698,Athletics & Sports
Ammerud,59.95830079999999,10.8720569,Grorud Idrettspark,59.95795119492719,10.880030905865148,Soccer Field
Ammerud,59.95830079999999,10.8720569,Kalbakken (T),59.95466315423986,10.866775318978009,Metro Station
Grorud,59.961424300000004,10.880548800000001,Pizzabua,59.960733917671774,10.885253501798845,Pizza Place
Grorud,59.961424300000004,10.880548800000001,Grorud (B),59.96115704300922,10.882909728983623,Bus Station
Grorud,59.961424300000004,10.880548800000001,Vinmonopolet (Grorud),59.96069631643103,10.882320986702732,Wine Shop
Grorud,59.961424300000004,10.880548800000001,REMA 1000 Grorud,59.96098448,10.88418401,Supermarket
Grorud,59.961424300000004,10.880548800000001,Coop Extra,59.96071687195409,10.885209867480988,Grocery Store
Grorud,59.961424300000004,10.880548800000001,Narvesen,59.96071672573884,10.885224093561357,Convenience Store
Grorud,59.961424300000004,10.880548800000001,Mix,59.960705300164385,10.885236010090788,Convenience Store
Grorud,59.961424300000004,10.880548800000001,Meny,59.96070898041701,10.885241409022848,Grocery Store
Grorud,59.961424300000004,10.880548800000001,Grorud Idrettspark,59.95795119492719,10.880030905865148,Soccer Field
Kalbakken,59.9547781,10.8669584,Stop & Go,59.95366086741016,10.873634932967395,Asian Restaurant
Kalbakken,59.9547781,10.8669584,Meny,59.9525453615353,10.86823499663295,Grocery Store
Kalbakken,59.9547781,10.8669584,SATS,59.95286531175207,10.86789985435961,Gym / Fitness Center
Kalbakken,59.9547781,10.8669584,Rema 1000,59.95235606,10.867370674,Grocery Store
Kalbakken,59.9547781,10.8669584,Bare Trening Kalbakken,59.952082658472754,10.867631560426188,Athletics & Sports
Kalbakken,59.9547781,10.8669584,Bislett Kebab House,59.951912,10.867353,Kebab Restaurant
Kalbakken,59.9547781,10.8669584,Apalløkka idrettshall,59.95858246934704,10.865513850643698,Athletics & Sports
Kalbakken,59.9547781,10.8669584,Kalbakken Shopping,59.95104265571306,10.866992745108146,Shopping Mall
Kalbakken,59.9547781,10.8669584,Haveli Tandoori,59.950969583312975,10.866988731634583,Indian Restaurant
Kalbakken,59.9547781,10.8669584,Joker,59.95083919484559,10.866761225113947,Grocery Store
Kalbakken,59.9547781,10.8669584,Papa Rosa Pizza,59.95070140170585,10.866751929178712,Pizza Place
Rødtvet,59.951393700000004,10.8594171,SATS,59.95286531175207,10.86789985435961,Gym / Fitness Center
Rødtvet,59.951393700000004,10.8594171,Rødtvet (T),59.9513463909237,10.859142591737635,Metro Station
Rødtvet,59.951393700000004,10.8594171,Rema 1000,59.95235606,10.867370674,Grocery Store
Rødtvet,59.951393700000004,10.8594171,Joker,59.95083919484559,10.866761225113947,Grocery Store
Rødtvet,59.951393700000004,10.8594171,Papa Rosa Pizza,59.95070140170585,10.866751929178712,Pizza Place
Rødtvet,59.951393700000004,10.8594171,Kalbakken Shopping,59.95104265571306,10.866992745108146,Shopping Mall
Rødtvet,59.951393700000004,10.8594171,Haveli Tandoori,59.950969583312975,10.866988731634583,Indian Restaurant
Rødtvet,59.951393700000004,10.8594171,Bislett Kebab House,59.951912,10.867353,Kebab Restaurant
Rødtvet,59.951393700000004,10.8594171,Bare Trening Kalbakken,59.952082658472754,10.867631560426188,Athletics & Sports
Nordtvet,59.950615500000005,10.8744234,Stop & Go,59.95366086741016,10.873634932967395,Asian Restaurant
Nordtvet,59.950615500000005,10.8744234,Meny,59.9525453615353,10.86823499663295,Grocery Store
Nordtvet,59.950615500000005,10.8744234,SATS,59.95286531175207,10.86789985435961,Gym / Fitness Center
Nordtvet,59.950615500000005,10.8744234,Kalbakken Gartneri,59.95079964217622,10.87325260450795,Flower Shop
Nordtvet,59.950615500000005,10.8744234,Nordtvet Bad,59.95068687101988,10.873022899144871,Gym Pool
Nordtvet,59.950615500000005,10.8744234,Asia Town AS,59.95175868285548,10.875253283676734,Grocery Store
Nordtvet,59.950615500000005,10.8744234,Rema 1000,59.95235606,10.867370674,Grocery Store
Nordtvet,59.950615500000005,10.8744234,Kalbakkveien (B),59.95163003911974,10.867473258273725,Bus Stop
Nordtvet,59.950615500000005,10.8744234,Bislett Kebab House,59.951912,10.867353,Kebab Restaurant
Nordtvet,59.950615500000005,10.8744234,Bare Trening Kalbakken,59.952082658472754,10.867631560426188,Athletics & Sports
Nordtvet,59.950615500000005,10.8744234,Haveli Tandoori,59.950969583312975,10.866988731634583,Indian Restaurant
Nordtvet,59.950615500000005,10.8744234,Kalbakken Shopping,59.95104265571306,10.866992745108146,Shopping Mall
Nordtvet,59.950615500000005,10.8744234,Papa Rosa Pizza,59.95070140170585,10.866751929178712,Pizza Place
Nordtvet,59.950615500000005,10.8744234,Joker,59.95083919484559,10.866761225113947,Grocery Store
Nordtvet,59.950615500000005,10.8744234,St. Hallvards Bryggeri,59.94661553856427,10.875697065743152,Brewery
Nordtvet,59.950615500000005,10.8744234,Stålfjæra (B),59.95038444860202,10.883235457463126,Bus Station
Romsås,59.9626149,10.8924614,Pizzabua,59.960733917671774,10.885253501798845,Pizza Place
Romsås,59.9626149,10.8924614,ACTIC Norge,59.9634879,10.8924909,Gym
Romsås,59.9626149,10.8924614,Narvesen,59.96071672573884,10.885224093561357,Convenience Store
Romsås,59.9626149,10.8924614,Coop Extra,59.96071687195409,10.885209867480988,Grocery Store
Romsås,59.9626149,10.8924614,REMA 1000 Grorud,59.96098448,10.88418401,Supermarket
Grünerløkka,59.9254713,10.7774212,Ola Narr,59.924669863926624,10.777669224707934,Dog Run
Grünerløkka,59.9254713,10.7774212,Mini Sushi,59.92642476998045,10.776311886028049,Sushi Restaurant
Grünerløkka,59.9254713,10.7774212,Fresh Fitness,59.9257273955609,10.774306922092672,Gym / Fitness Center
Grünerløkka,59.9254713,10.7774212,SATS,59.92861690892283,10.777976245904474,Gym / Fitness Center
Grünerløkka,59.9254713,10.7774212,Sechuan Chengdu Restaurant,59.92312375867008,10.77185970981392,Chinese Restaurant
Grünerløkka,59.9254713,10.7774212,Punjabi Masala,59.92878132921496,10.777638127417406,Indian Restaurant
Grünerløkka,59.9254713,10.7774212,Samson,59.92613049303688,10.775320829627528,Bakery
Grünerløkka,59.9254713,10.7774212,oishi,59.92967749023465,10.778487064384256,Asian Restaurant
Grünerløkka,59.9254713,10.7774212,Sushihuset,59.92555792783789,10.775752143840945,Sushi Restaurant
Grünerløkka,59.9254713,10.7774212,Bare Trening,59.929180028058205,10.778255449360328,Gym / Fitness Center
Grünerløkka,59.9254713,10.7774212,Carl Berners plass,59.926156483683144,10.77594549923333,Plaza
Grünerløkka,59.9254713,10.7774212,Kaffekompaniet,59.92642052570459,10.775986679384348,Coffee Shop
Grünerløkka,59.9254713,10.7774212,Elmers Pub & Biljard,59.924596081282616,10.774288200497232,Sports Bar
Grünerløkka,59.9254713,10.7774212,Rimi,59.92579332,10.7756469,Grocery Store
Grünerløkka,59.9254713,10.7774212,Jysk,59.9267285775427,10.776791137418023,Furniture / Home Store
Grünerløkka,59.9254713,10.7774212,Kiwi,59.92788813908017,10.778371095657349,Grocery Store
Grünerløkka,59.9254713,10.7774212,Kiwi,59.922998891914496,10.771489862980982,Grocery Store
Grünerløkka,59.9254713,10.7774212,Helgesens Gate (B),59.92136248011288,10.775261883653968,Bus Station
Gaustad,59.9460976,10.710358,Gaustad (B),59.94577972617505,10.713440277724962,Bus Station
Gaustad,59.9460976,10.710358,Hageland Skajems Hagesenter,59.94699469828147,10.70394515991211,Garden Center
Gaustad,59.9460976,10.710358,Punkt-kiosken,59.94868626256735,10.714720256503998,Snack Place
Gaustad,59.9460976,10.710358,Risalleen (B),59.94452837490323,10.704146969819947,Bus Station
Gaustad,59.9460976,10.710358,Vinderen (T),59.942741896221214,10.704872870041992,Metro Station
Øvre Blindern,59.937430000000006,10.71819,RF-kjelleren,59.94008832006327,10.722936242939992,Bar
Øvre Blindern,59.937430000000006,10.71819,Frederikke,59.94029601874119,10.721893797294014,College Cafeteria
Øvre Blindern,59.937430000000006,10.71819,Akademika,59.939841174787944,10.721216381723538,Bookstore
Øvre Blindern,59.937430000000006,10.71819,Nrk Nydi messa,59.935990158256494,10.719182357743273,Breakfast Spot
Øvre Blindern,59.937430000000006,10.71819,Blindern Athletica,59.940905249434486,10.72209868328983,Gym
Øvre Blindern,59.937430000000006,10.71819,Sitrongress,59.940344,10.721635,Thai Restaurant
Ullevål Hageby,59.9407998,10.7290446,Åpent Bakeri,59.94418201390205,10.732963114794012,Bakery
Ullevål Hageby,59.9407998,10.7290446,RF-kjelleren,59.94008832006327,10.722936242939992,Bar
Ullevål Hageby,59.9407998,10.7290446,Uglebo,59.941440050311975,10.72243982222735,Pub
Ullevål Hageby,59.9407998,10.7290446,Frederikke,59.94029601874119,10.721893797294014,College Cafeteria
Ullevål Hageby,59.9407998,10.7290446,John Colletts Plass,59.94037448729641,10.729522705078125,Plaza
Ullevål Hageby,59.9407998,10.7290446,Akademika,59.939841174787944,10.721216381723538,Bookstore
Ullevål Hageby,59.9407998,10.7290446,Blindern Athletica,59.940905249434486,10.72209868328983,Gym
Ullevål Hageby,59.9407998,10.7290446,Deiglig Bakeri,59.940296865528346,10.721965035172813,Bakery
Ullevål Hageby,59.9407998,10.7290446,Ramen-Ya,59.940261,10.721777,Ramen Restaurant
Ullevål Hageby,59.9407998,10.7290446,Ullevål Apotek,59.93794083595276,10.735203623771667,Pharmacy
Kringsjå,59.963671600000005,10.7349676,Kiwi,59.96404622531563,10.733147084348307,Grocery Store
Kringsjå,59.963671600000005,10.7349676,Meny,59.96315383231333,10.737748252598907,Grocery Store
Kringsjå,59.963671600000005,10.7349676,Sognsvann,59.9651409100434,10.733336482873742,Lake
Kringsjå,59.963671600000005,10.7349676,Kongleveien (B),59.96135800766444,10.736131164670685,Bus Station
Kringsjå,59.963671600000005,10.7349676,Sognsvann (T),59.96728025261079,10.733797668701172,Metro Station
Korsvoll,59.960746900000004,10.75732,Korsvollbanen,59.961302780742976,10.757839219678253,Soccer Field
Korsvoll,59.960746900000004,10.75732,Skibakken (B),59.9584479795482,10.763833522796629,Bus Station
Korsvoll,59.960746900000004,10.75732,Korsvollbakken,59.956732609199534,10.759541660520647,Bus Station
Korsvoll,59.960746900000004,10.75732,Øvre Stabburvei (B),59.95672402081353,10.759524273310646,Bus Station
Tåsen,59.9538644,10.7523093,Tåsensenteret,59.95241894873281,10.751633266281791,Shopping Mall
Tåsen,59.9538644,10.7523093,Spar,59.952353426777265,10.751656714952803,Grocery Store
Tåsen,59.9538644,10.7523093,Tåsen (T),59.95362765491704,10.75245922002744,Metro Station
Tåsen,59.9538644,10.7523093,Østhorn (T),59.956427,10.750466,Metro Station
Tåsen,59.9538644,10.7523093,Berg (T),59.95127125260905,10.745050280140745,Metro Station
Ullevål,59.9413211,10.737310899999999,Åpent Bakeri,59.94418201390205,10.732963114794012,Bakery
Ullevål,59.9413211,10.737310899999999,John Colletts Plass,59.94037448729641,10.729522705078125,Plaza
Ullevål,59.9413211,10.737310899999999,Damplassen,59.94389833332468,10.733355962293452,Plaza
Ullevål,59.9413211,10.737310899999999,Kolibri Kolonial,59.94391,10.733049,Gourmet Shop
Ullevål,59.9413211,10.737310899999999,Lofthus Samvirkelag Damplassen,59.943926,10.732599,Pizza Place
Ullevål,59.9413211,10.737310899999999,Espresso House,59.936875,10.7368549,Café
Ullevål,59.9413211,10.737310899999999,Kiwi,59.940660452604355,10.729718214123938,Grocery Store
Ullevål,59.9413211,10.737310899999999,John Colletts plass (trikk),59.940250883125465,10.729200839996338,Light Rail Station
Ullevål,59.9413211,10.737310899999999,Ullevål hotell,59.9374260831289,10.740852555553417,Hotel
Ullevål,59.9413211,10.737310899999999,Ullevål Barselhotell,59.93750376366591,10.741329959651583,Hotel
Ullevål,59.9413211,10.737310899999999,Cafe Abel,59.940546608658806,10.728705998388367,Bar
Berg,59.9512469,10.7453664,Berg (T),59.95127125260905,10.745050280140745,Metro Station
Berg,59.9512469,10.7453664,Tåsensenteret,59.95241894873281,10.751633266281791,Shopping Mall
Berg,59.9512469,10.7453664,Spar,59.952353426777265,10.751656714952803,Grocery Store
Berg,59.9512469,10.7453664,Tåsen (T),59.95362765491704,10.75245922002744,Metro Station
Nydalen,59.9502664,10.767757099999999,Nydalen Bryggeri og Spiseri,59.950073,10.764521,Gastropub
Nydalen,59.9502664,10.767757099999999,Fangene på Fortet,59.94961198336372,10.76355926769375,Theme Park
Nydalen,59.9502664,10.767757099999999,ODEON Oslo,59.947554102971765,10.771636124036768,Movie Theater
Nydalen,59.9502664,10.767757099999999,Nydalen Sushi,59.948623986423996,10.767070162547054,Sushi Restaurant
Nydalen,59.9502664,10.767757099999999,Godt Brød,59.94882837037999,10.767142488249664,Bakery
Nydalen,59.9502664,10.767757099999999,Nydalen Athletica,59.94838453784751,10.769714081966262,Gym
Nydalen,59.9502664,10.767757099999999,Xeast,59.949364407064216,10.765525158639178,Asian Restaurant
Nydalen,59.9502664,10.767757099999999,Knowit Experience,59.94794439153916,10.763841796608915,Advertising Agency
Nydalen,59.9502664,10.767757099999999,Vinmonopolet (Storo),59.94759358297853,10.774669078224315,Wine Shop
Nydalen,59.9502664,10.767757099999999,SATS,59.94757864263262,10.771162094288691,Gym / Fitness Center
Nydalen,59.9502664,10.767757099999999,Radisson Blu Hotel Nydalen,59.94902081880543,10.76599939904554,Hotel
Nydalen,59.9502664,10.767757099999999,Crossfit Oslo,59.947770054542765,10.764652182093561,Gym
Nydalen,59.9502664,10.767757099999999,Starbucks,59.94897219639871,10.767821870144276,Coffee Shop
Nydalen,59.9502664,10.767757099999999,Sumo,59.947412,10.77122,Japanese Restaurant
Nydalen,59.9502664,10.767757099999999,JOE & THE JUICE,59.9495743,10.7660371,Juice Bar
Nydalen,59.9502664,10.767757099999999,Evo Fitness,59.9495787218963,10.766451888027815,Gym / Fitness Center
Nydalen,59.9502664,10.767757099999999,Lekkerdisken,59.94784024747193,10.767239285153448,Sandwich Place
Nydalen,59.9502664,10.767757099999999,Plantasjen,59.94777777131077,10.772008502858352,Flower Shop
Storo,59.9451424,10.7776838,Kaffebrenneriet,59.94658746275404,10.77467047309453,Coffee Shop
Storo,59.9451424,10.7776838,SATS,59.947137,10.775018,Gym / Fitness Center
Storo,59.9451424,10.7776838,ODEON Oslo,59.947554102971765,10.771636124036768,Movie Theater
Storo,59.9451424,10.7776838,Vinmonopolet (Storo),59.94759358297853,10.774669078224315,Wine Shop
Storo,59.9451424,10.7776838,SmoothieXchange,59.94693022208191,10.774669647216799,Smoothie Shop
Storo,59.9451424,10.7776838,Fitness Xpress,59.943767225859666,10.770952285204975,Gym
Storo,59.9451424,10.7776838,Bambus Sushi,59.9466037814319,10.774463027474438,Sushi Restaurant
Storo,59.9451424,10.7776838,SATS,59.94757864263262,10.771162094288691,Gym / Fitness Center
Storo,59.9451424,10.7776838,G-MAX,59.94608195739894,10.775302889342258,Sporting Goods Shop
Storo,59.9451424,10.7776838,Storo Storsenter,59.94676136834932,10.77457942449752,Shopping Mall
Storo,59.9451424,10.7776838,Ebi Sushi,59.94368900900216,10.775011707173496,Sushi Restaurant
Storo,59.9451424,10.7776838,Sumo,59.947412,10.77122,Japanese Restaurant
Storo,59.9451424,10.7776838,Coop Extra,59.94321689042438,10.773816824471497,Grocery Store
Storo,59.9451424,10.7776838,12 M:stua - Kjelsås,59.945479324087415,10.780115166276037,Moving Target
Storo,59.9451424,10.7776838,Jafs,59.945525,10.780612,Fast Food Restaurant
Storo,59.9451424,10.7776838,Storo (trikk),59.94528788357143,10.7783823628024,Light Rail Station
Storo,59.9451424,10.7776838,Storo (T),59.944684335339694,10.778465653271416,Metro Station
Storo,59.9451424,10.7776838,Nærbutikken Storo,59.94465250673646,10.777891690456697,Grocery Store
Storo,59.9451424,10.7776838,Babyshop,59.94671234054615,10.774005239321262,Kids Store
Storo,59.9451424,10.7776838,KappAhl,59.9471192,10.7748663,Clothing Store
Storo,59.9451424,10.7776838,Norrøna,59.94714514225949,10.774884223937988,Sporting Goods Shop
Storo,59.9451424,10.7776838,Elkjøp Storo,59.947259239641554,10.774967002909834,Electronics Store
Storo,59.9451424,10.7776838,Notabene,59.94699469828147,10.774068832397461,Bookstore
Storo,59.9451424,10.7776838,Storo International Food,59.94683083626441,10.773272925035343,Convenience Store
Storo,59.9451424,10.7776838,Coop Mega,59.94732704428028,10.774153278600595,Grocery Store
Storo,59.9451424,10.7776838,XXL,59.94715,10.773026,Sporting Goods Shop
Storo,59.9451424,10.7776838,Linje 6,59.94295554641954,10.772949112676782,Metro Station
Storo,59.9451424,10.7776838,Grefsenveien (trikk),59.94248619649261,10.773134883913333,Light Rail Station
Storo,59.9451424,10.7776838,Plantasjen,59.94777777131077,10.772008502858352,Flower Shop
Storo,59.9451424,10.7776838,Rema 1000 Storo,59.943702718,10.770937286,Supermarket
Storo,59.9451424,10.7776838,Grefsen stasjon,59.94166916817785,10.78055127693414,Train Station
Storo,59.9451424,10.7776838,Johnny Rockets,59.947555,10.771702,American Restaurant
Storo,59.9451424,10.7776838,Kiwi,59.94599233586714,10.786248234954334,Grocery Store
Storo,59.9451424,10.7776838,Rema 1000,59.94267137383027,10.784616931238837,Grocery Store
Frysja,59.9667451,10.7700746,Frysja / Brekkedammen,59.966595,10.777849,Bathing Area
Frysja,59.9667451,10.7700746,Rema 1000,59.965929556,10.776815614,Grocery Store
Frysja,59.9667451,10.7700746,Brekkekrysset (B),59.96753207058877,10.766616706756214,Bus Station
Frysja,59.9667451,10.7700746,Stillatorget (B),59.965744620597334,10.777746104515325,Bus Station
Kjelsås,59.9660621,10.7830301,Norsk Teknisk Museum,59.9664285,10.7827081,Science Museum
Kjelsås,59.9660621,10.7830301,Frysja / Brekkedammen,59.966595,10.777849,Bathing Area
Kjelsås,59.9660621,10.7830301,Rema 1000,59.965929556,10.776815614,Grocery Store
Kjelsås,59.9660621,10.7830301,Kjelsåshallen,59.96628178117784,10.786289654484165,Athletics & Sports
Kjelsås,59.9660621,10.7830301,Kjelsås stasjon,59.96597224232711,10.78268828348513,Train Station
Kjelsås,59.9660621,10.7830301,Coop Prix Kjelsåsveien,59.963082944240426,10.783768575468605,Grocery Store
Kjelsås,59.9660621,10.7830301,Stillatorget (B),59.965744620597334,10.777746104515325,Bus Station
Kjelsås,59.9660621,10.7830301,Stillatorget,59.96606111526489,10.776353266666668,Shopping Mall
Kjelsås,59.9660621,10.7830301,Rune's Mini Varehus,59.96264934539795,10.78305959701538,Department Store
Kjelsås,59.9660621,10.7830301,Akerselva River,59.964491,10.775177,River
Kjelsås,59.9660621,10.7830301,Maridalsvannet,59.96948941024582,10.788077356459345,Lake
Grefsen,59.9418161,10.7804364,Åpent Bakeri,59.93940457290233,10.773988527337677,Bakery
Grefsen,59.9418161,10.7804364,Sinsen dyreklinikk,59.938904968865074,10.780304998184896,Pet Store
Grefsen,59.9418161,10.7804364,Lofthus Samvirkelag,59.9394165993039,10.773998011309986,Pizza Place
Grefsen,59.9418161,10.7804364,Skeidbanen,59.942980815781524,10.787436962127686,Soccer Stadium
Grefsen,59.9418161,10.7804364,Ebi Sushi,59.94368900900216,10.775011707173496,Sushi Restaurant
Grefsen,59.9418161,10.7804364,Grefsen stasjon (B),59.940908845388485,10.781583365376997,Bus Station
Grefsen,59.9418161,10.7804364,Coop Extra,59.94321689042438,10.773816824471497,Grocery Store
Grefsen,59.9418161,10.7804364,Ferro Montanus café,59.93875346667356,10.780621466667734,Café
Grefsen,59.9418161,10.7804364,Muselunden,59.939381510410165,10.78416769470919,Park
Grefsen,59.9418161,10.7804364,Rema 1000,59.938278381292825,10.780853612524869,Grocery Store
Grefsen,59.9418161,10.7804364,Storo (trikk),59.94528788357143,10.7783823628024,Light Rail Station
Grefsen,59.9418161,10.7804364,12 M:stua - Kjelsås,59.945479324087415,10.780115166276037,Moving Target
Grefsen,59.9418161,10.7804364,Jafs,59.945525,10.780612,Fast Food Restaurant
Grefsen,59.9418161,10.7804364,Grefsenveien (trikk),59.94248619649261,10.773134883913333,Light Rail Station
Grefsen,59.9418161,10.7804364,Linje 6,59.94295554641954,10.772949112676782,Metro Station
Grefsen,59.9418161,10.7804364,Haraldsheim Breakfast Room,59.940677,10.788749,Sandwich Place
Nordstrand,59.863524600000005,10.7858304,Vølund,59.86161969658165,10.78540501141553,Beach
Nordstrand,59.863524600000005,10.7858304,Kastellet Plage,59.865800233368795,10.783672657041533,Beach
Bekkelaget,59.88142239999999,10.7757743,Åpent Bakeri Holtet,59.881955917492924,10.783852348671013,Bakery
Bekkelaget,59.88142239999999,10.7757743,Shell 7-Eleven,59.880466524150194,10.773337044176136,Gas Station
Bekkelaget,59.88142239999999,10.7757743,Holtet Pizza og Grill,59.882087217898565,10.783184640846656,Pizza Place
Bekkelaget,59.88142239999999,10.7757743,Holtet (trikk),59.88219409864753,10.783431034306538,Light Rail Station
Lambertseter,59.873363600000005,10.8103713,Meny,59.874255373347765,10.810446233386436,Supermarket
Lambertseter,59.873363600000005,10.8103713,Symra kino,59.87389750114656,10.811495558217597,Movie Theater
Lambertseter,59.873363600000005,10.8103713,Bakerens Kone,59.873706422773715,10.811208314662155,Café
Lambertseter,59.873363600000005,10.8103713,Lambertseter Senter,59.87057137102847,10.811468816162977,Shopping Mall
Lambertseter,59.873363600000005,10.8103713,Kaffebrenneriet,59.873615,10.810826,Coffee Shop
Lambertseter,59.873363600000005,10.8103713,Kiwi,59.872702377606146,10.811955950112072,Grocery Store
Lambertseter,59.873363600000005,10.8103713,Hennes & Mauritz,59.87406058720282,10.811140241737178,Clothing Store
Lambertseter,59.873363600000005,10.8103713,G-Sport,59.87410682747021,10.81067308681773,Sporting Goods Shop
Lambertseter,59.873363600000005,10.8103713,fresh fitness Lambertseter,59.87588869221409,10.809601790122725,Gym
Lambertseter,59.873363600000005,10.8103713,Mester Grønn,59.870561288273734,10.811569504105627,Flower Shop
Lambertseter,59.873363600000005,10.8103713,Lambertseter Bad,59.870979091060384,10.815523891377651,Gym Pool
Ljan,59.8529973,10.785098800000002,Katten,59.85505075010205,10.783211158788198,Beach
Ljan,59.8529973,10.785098800000002,Ljan stasjon,59.85290785617715,10.784988018943226,Train Station
Ljan,59.8529973,10.785098800000002,Galleri Ljan,59.85199139617829,10.782515722301554,Art Gallery
Sagene,59.938272899999994,10.7658488,Det Andre Teatret,59.93868454850098,10.765303095142958,Performing Arts Venue
Sagene,59.938272899999994,10.7658488,Vinmonopolet (Sandaker),59.93813919670335,10.768213545010857,Wine Shop
Sagene,59.938272899999994,10.7658488,Astral,59.93822,10.763672,Restaurant
Sagene,59.938272899999994,10.7658488,Som Tam Thai Restaurant,59.93602518725616,10.765217578583565,Thai Restaurant
Sagene,59.938272899999994,10.7658488,Torshovparken,59.93514096311354,10.77011606525936,Park
Sagene,59.938272899999994,10.7658488,Åpent Bakeri,59.93940457290233,10.773988527337677,Bakery
Sagene,59.938272899999994,10.7658488,Lofthus Samvirkelag,59.9394165993039,10.773998011309986,Pizza Place
Sagene,59.938272899999994,10.7658488,Kaffebrenneriet,59.93478522665183,10.764685339510587,Coffee Shop
Sagene,59.938272899999994,10.7658488,Mat & Mer,59.940046469350364,10.759173370273047,Deli / Bodega
Sagene,59.938272899999994,10.7658488,Jewel of India,59.9414874797674,10.771165913820601,Indian Restaurant
Sagene,59.938272899999994,10.7658488,Pizza Pancetta,59.93926110287262,10.758959386024452,Pizza Place
Sagene,59.938272899999994,10.7658488,Dyresjappa,59.935339,10.765439,Pet Store
Sagene,59.938272899999994,10.7658488,Myraløkka,59.93658293911754,10.757549523089493,Park
Sagene,59.938272899999994,10.7658488,Laksen Fisk og Vilt,59.940610946165684,10.761666297912598,Fish Market
Sagene,59.938272899999994,10.7658488,Cosmopolite,59.93633679289684,10.765665924777057,Concert Hall
Sagene,59.938272899999994,10.7658488,Torshov Sport (Fotball/Løp),59.9371650546837,10.766193177599552,Sporting Goods Shop
Sagene,59.938272899999994,10.7658488,Grisen,59.93422256777614,10.762441906627487,Diner
Sagene,59.938272899999994,10.7658488,Kolonihagen Lilleborg,59.93819252060809,10.764046782463957,Bakery
Sagene,59.938272899999994,10.7658488,Mega Sushi,59.94160597578452,10.770919008764535,Sushi Restaurant
Sagene,59.938272899999994,10.7658488,Espresso House,59.93435091525231,10.764091183670377,Coffee Shop
Sagene,59.938272899999994,10.7658488,Never Mind Sushi,59.93701208868148,10.766933974644203,Sushi Restaurant
Sagene,59.938272899999994,10.7658488,Baker Hansen,59.93662937937329,10.766486668376308,Bakery
Sagene,59.938272899999994,10.7658488,Soria Moria Bar & Bistro,59.936004342777856,10.765329765181638,Bar
Sagene,59.938272899999994,10.7658488,Sofies Hage,59.939354,10.75912,Café
Sagene,59.938272899999994,10.7658488,Kaffegutta,59.93569829502188,10.765534896392381,Coffee Shop
Sagene,59.938272899999994,10.7658488,Den Lille Kokosbollefabrikken,59.938145,10.756912,Dessert Shop
Sagene,59.938272899999994,10.7658488,Torshov kirkepark,59.93799368245458,10.773317813873291,Park
Bjølsen,59.941464,10.7600104,Mat & Mer,59.940046469350364,10.759173370273047,Deli / Bodega
Bjølsen,59.941464,10.7600104,Bjølsen Bakeri,59.94172057495216,10.759330129495389,Bakery
Bjølsen,59.941464,10.7600104,Bjølsenparken,59.941660957272646,10.75755289545021,Park
Bjølsen,59.941464,10.7600104,Det Andre Teatret,59.93868454850098,10.765303095142958,Performing Arts Venue
Bjølsen,59.941464,10.7600104,Pizza Pancetta,59.93926110287262,10.758959386024452,Pizza Place
Bjølsen,59.941464,10.7600104,Mysterud Bar,59.937573726486185,10.755504872871688,Bar
Bjølsen,59.941464,10.7600104,Laksen Fisk og Vilt,59.940610946165684,10.761666297912598,Fish Market
Bjølsen,59.941464,10.7600104,Voldsløkka,59.94416837380685,10.754156112670898,Soccer Field
Bjølsen,59.941464,10.7600104,Sagene Torg,59.937919343895395,10.754909979843083,Deli / Bodega
Bjølsen,59.941464,10.7600104,Bjølsen Sushi,59.942367923619265,10.759616136712923,Sushi Restaurant
Bjølsen,59.941464,10.7600104,Astral,59.93822,10.763672,Restaurant
Bjølsen,59.941464,10.7600104,Sagene Lunsjbar,59.93749680577519,10.756574232821114,Breakfast Spot
Bjølsen,59.941464,10.7600104,Meny,59.943405531422655,10.761819880206051,Grocery Store
Bjølsen,59.941464,10.7600104,Kolonihagen Lilleborg,59.93819252060809,10.764046782463957,Bakery
Bjølsen,59.941464,10.7600104,Sofies Hage,59.939354,10.75912,Café
Bjølsen,59.941464,10.7600104,Tandoori Hut,59.93753869651295,10.756098249677223,Indian Restaurant
Bjølsen,59.941464,10.7600104,Den Lille Kokosbollefabrikken,59.938145,10.756912,Dessert Shop
Bjølsen,59.941464,10.7600104,Bjølsenhallen Match,59.9433200184792,10.762631069949581,Stadium
Bjølsen,59.941464,10.7600104,Oslo Skatehall,59.941639,10.752591,Skate Park
Bjølsen,59.941464,10.7600104,Voldsløkkahallen,59.94169813175218,10.752112039848157,Soccer Stadium
Torshov,59.935142500000005,10.767491900000001,Torshovparken,59.93514096311354,10.77011606525936,Park
Torshov,59.935142500000005,10.767491900000001,Bruun-Larsen,59.93334809928962,10.766689325413,Cocktail Bar
Torshov,59.935142500000005,10.767491900000001,Kaffebrenneriet,59.93478522665183,10.764685339510587,Coffee Shop
Torshov,59.935142500000005,10.767491900000001,Albatross,59.933908,10.763005,Bar
Torshov,59.935142500000005,10.767491900000001,Café Caminito,59.934113,10.762045,Café
Torshov,59.935142500000005,10.767491900000001,Som Tam Thai Restaurant,59.93602518725616,10.765217578583565,Thai Restaurant
Torshov,59.935142500000005,10.767491900000001,Det Andre Teatret,59.93868454850098,10.765303095142958,Performing Arts Venue
Torshov,59.935142500000005,10.767491900000001,Myrens Sportssenter,59.93483229423486,10.7596011735687,Gym
Torshov,59.935142500000005,10.767491900000001,Klatreverket,59.935140903196086,10.759219215892454,Climbing Gym
Torshov,59.935142500000005,10.767491900000001,Dyresjappa,59.935339,10.765439,Pet Store
Torshov,59.935142500000005,10.767491900000001,Vinmonopolet (Sandaker),59.93813919670335,10.768213545010857,Wine Shop
Torshov,59.935142500000005,10.767491900000001,Grisen,59.93422256777614,10.762441906627487,Diner
Torshov,59.935142500000005,10.767491900000001,Astral,59.93822,10.763672,Restaurant
Torshov,59.935142500000005,10.767491900000001,Trikkestallen,59.93292796422115,10.768086353390748,Café
Torshov,59.935142500000005,10.767491900000001,Espresso House,59.93435091525231,10.764091183670377,Coffee Shop
Torshov,59.935142500000005,10.767491900000001,Cosmopolite,59.93633679289684,10.765665924777057,Concert Hall
Torshov,59.935142500000005,10.767491900000001,Mr. Fish,59.93402483180242,10.761585554696875,Sushi Restaurant
Torshov,59.935142500000005,10.767491900000001,Cafe Teater,59.93289969000938,10.76802208483641,Café
Torshov,59.935142500000005,10.767491900000001,Torshov Sport (Fotball/Løp),59.9371650546837,10.766193177599552,Sporting Goods Shop
Torshov,59.935142500000005,10.767491900000001,Kolonihagen Lilleborg,59.93819252060809,10.764046782463957,Bakery
Torshov,59.935142500000005,10.767491900000001,Soria Moria Bar & Bistro,59.936004342777856,10.765329765181638,Bar
Torshov,59.935142500000005,10.767491900000001,San Remo Pizza & Grill,59.9337063396942,10.763706029628718,Pizza Place
Torshov,59.935142500000005,10.767491900000001,Nye Taj Mahal,59.93250309141963,10.762807844873047,Indian Restaurant
Torshov,59.935142500000005,10.767491900000001,Baker Hansen,59.93662937937329,10.766486668376308,Bakery
Torshov,59.935142500000005,10.767491900000001,Never Mind Sushi,59.93701208868148,10.766933974644203,Sushi Restaurant
Torshov,59.935142500000005,10.767491900000001,Lincoln Pub,59.93354989475942,10.763607104138751,Pub
Torshov,59.935142500000005,10.767491900000001,Kaffegutta,59.93569829502188,10.765534896392381,Coffee Shop
Torshov,59.935142500000005,10.767491900000001,Tyren,59.935907,10.765575,Pub
Torshov,59.935142500000005,10.767491900000001,Apsorn,59.936092,10.765333,Thai Restaurant
Torshov,59.935142500000005,10.767491900000001,Coop Extra Vossegata,59.93351901738124,10.7690036550485,Grocery Store
Torshov,59.935142500000005,10.767491900000001,Cafe Stamboul,59.93427929999999,10.7641017,Middle Eastern Restaurant
Torshov,59.935142500000005,10.767491900000001,Hopp i havet,59.93529474057006,10.75863648250404,Theme Park
Torshov,59.935142500000005,10.767491900000001,ICA,59.93889001942095,10.768917003246282,Grocery Store
Torshov,59.935142500000005,10.767491900000001,Joker,59.93560195696348,10.775120258331299,Grocery Store
Torshov,59.935142500000005,10.767491900000001,Torshov kirkepark,59.93799368245458,10.773317813873291,Park
Torshov,59.935142500000005,10.767491900000001,Myrens Kjøkken,59.93475534134186,10.759310695137172,Café
St. Hanshaugen,59.927949899999994,10.738958300000002,St. Hanshaugen,59.92656021385551,10.740766525268555,Park
St. Hanshaugen,59.927949899999994,10.738958300000002,Heim,59.92718255669963,10.738602315187796,Gastropub
St. Hanshaugen,59.927949899999994,10.738958300000002,Arte Pazza,59.92670176027607,10.738488871268073,Italian Restaurant
St. Hanshaugen,59.927949899999994,10.738958300000002,L'ardoise,59.929321601312296,10.732949720614545,French Restaurant
St. Hanshaugen,59.927949899999994,10.738958300000002,Java Espressobar & Kaffeforretning,59.92444056165588,10.73997195844862,Coffee Shop
St. Hanshaugen,59.927949899999994,10.738958300000002,Vinmonopolet (Thereses gate),59.92787007529663,10.731993691084465,Wine Shop
St. Hanshaugen,59.927949899999994,10.738958300000002,Åpent Bakeri Adamstuen,59.93100021720793,10.73585040048626,Bakery
St. Hanshaugen,59.927949899999994,10.738958300000002,Gutta på Haugen,59.924153718462264,10.739992366232501,Gourmet Shop
St. Hanshaugen,59.927949899999994,10.738958300000002,Stensparken,59.92854939376076,10.730370283126831,Park
St. Hanshaugen,59.927949899999994,10.738958300000002,Smalhans,59.923713,10.739834,Restaurant
St. Hanshaugen,59.927949899999994,10.738958300000002,Café Rouleur,59.923821407722045,10.740413449731944,Cocktail Bar
St. Hanshaugen,59.927949899999994,10.738958300000002,Pascal,59.924475,10.739614,Café
St. Hanshaugen,59.927949899999994,10.738958300000002,Bislett Stadion,59.92501179667766,10.733320713043213,Stadium
St. Hanshaugen,59.927949899999994,10.738958300000002,St. Lars,59.92647340568915,10.73141701721227,Steakhouse
St. Hanshaugen,59.927949899999994,10.738958300000002,Kaffebrenneriet,59.9273103408073,10.731727344879356,Coffee Shop
St. Hanshaugen,59.927949899999994,10.738958300000002,Idioten,59.931021,10.737688,Park
St. Hanshaugen,59.927949899999994,10.738958300000002,Baker Hansen,59.924201284048436,10.740026764456545,Bakery
St. Hanshaugen,59.927949899999994,10.738958300000002,Godt Brød,59.92763698256284,10.732027954402062,Bakery
St. Hanshaugen,59.927949899999994,10.738958300000002,Cafe Nero,59.926291041532195,10.731302865958934,Beer Bar
St. Hanshaugen,59.927949899999994,10.738958300000002,Utendørs (St. Hanshaugen Parkservering),59.926101022155834,10.740066837244019,Café
St. Hanshaugen,59.927949899999994,10.738958300000002,Flyfisher,59.92757631833448,10.732377167423705,Pub
St. Hanshaugen,59.927949899999994,10.738958300000002,Godt Brød,59.925767832328,10.731248044933324,Bakery
St. Hanshaugen,59.927949899999994,10.738958300000002,Guttas Iskremsjappe,59.924586,10.740218,Snack Place
St. Hanshaugen,59.927949899999994,10.738958300000002,Espresso House,59.92370508283604,10.740512203501433,Coffee Shop
St. Hanshaugen,59.927949899999994,10.738958300000002,Kiwi,59.92781832963234,10.73214979777019,Grocery Store
St. Hanshaugen,59.927949899999994,10.738958300000002,Bislett (trikk),59.925925585831436,10.731111658963878,Tram Station
St. Hanshaugen,59.927949899999994,10.738958300000002,Optimal trening,59.92778841953747,10.73190534688223,Gym / Fitness Center
St. Hanshaugen,59.927949899999994,10.738958300000002,Deli de Luca,59.92353615287711,10.740028025175889,Deli / Bodega
Stovner,59.962140299999994,10.922823199999998,Stovner Senter,59.961347997937246,10.924422885917007,Shopping Mall
Stovner,59.962140299999994,10.922823199999998,Burger King,59.96148264303152,10.923812377000257,Fast Food Restaurant
Stovner,59.962140299999994,10.922823199999998,Clas Ohlson Stovner,59.96172,10.924802,Shipping Store
Stovner,59.962140299999994,10.922823199999998,Stovnerhallen,59.96096,10.928121,Athletics & Sports
Holmlia,59.834604399999996,10.796658599999999,Holmlia stasjon,59.835015763959554,10.796475229610843,Train Station
Holmlia,59.834604399999996,10.796658599999999,Holmlia Senter,59.83502968356908,10.79579702888206,Shopping Mall
Holmlia,59.834604399999996,10.796658599999999,Rema 1000,59.831948023,10.796498075,Grocery Store
Holmlia,59.834604399999996,10.796658599999999,Lusetjern Kunstgress,59.83319841499747,10.789602201389169,Soccer Field
Holmlia,59.834604399999996,10.796658599999999,Holmlia Bad,59.83338035858983,10.789254529671194,Water Park
Hvervenbukta,59.8330745,10.7713263,Hvervenbukta,59.833462502330434,10.772781372070312,Beach
Hvervenbukta,59.8330745,10.7713263,Anne på landet,59.83299856540118,10.772714774193506,Café
Hvervenbukta,59.8330745,10.7713263,NAF Fjordcamp,59.8347214612203,10.775411574654026,Campground
Mortensrud,59.849286600000006,10.8296983,Mortensrud Torg,59.84920827839024,10.831156472874827,Shopping Mall
Mortensrud,59.849286600000006,10.8296983,Kiwi,59.84902958000545,10.83053561764244,Grocery Store
Mortensrud,59.849286600000006,10.8296983,Mortensrud (B),59.84987897898748,10.829669458035664,Bus Station
Mortensrud,59.849286600000006,10.8296983,Mortensrud (T),59.84941793341986,10.829533239490651,Metro Station
Mortensrud,59.849286600000006,10.8296983,Coop Extra Senter Syd,59.848651,10.829879,Convenience Store
Mortensrud,59.849286600000006,10.8296983,Senter Syd,59.84859841250339,10.829895512543157,Shopping Mall
Hauketo,59.8470147,10.8060274,Hauketo stasjon,59.846359557224545,10.803490188456385,Train Station
Hauketo,59.8470147,10.8060274,Istanbul Intermat,59.84765064826421,10.804246856632176,Convenience Store
Hauketo,59.8470147,10.8060274,Fresh Fitness,59.8471069003398,10.80416023174542,Gym / Fitness Center
Hauketo,59.8470147,10.8060274,Rema 1000,59.84708110800702,10.804078316241291,Grocery Store
Hauketo,59.8470147,10.8060274,SATS,59.84701011912154,10.803957471358295,Gym / Fitness Center
Prinsdal,59.8343061,10.8117185,Bislett Kebab,59.83354672234621,10.807569016387228,Fast Food Restaurant
Prinsdal,59.8343061,10.8117185,Coop Extra Prinsdal,59.83441086997811,10.808162770085058,Shopping Mall
Prinsdal,59.8343061,10.8117185,Prinsdalshallen,59.83391151859719,10.814813191378017,Stadium
Prinsdal,59.8343061,10.8117185,Kiwi,59.833268127061245,10.807393418853042,Grocery Store
Bjørndal,59.82652170000001,10.8372025,Extra,59.826527,10.837003,Grocery Store
Bjørndal,59.82652170000001,10.8372025,Bjørndal Fotball,59.82506416199377,10.833450106986293,Soccer Field
Bjørndal,59.82652170000001,10.8372025,Kebab & Pizza,59.82424303783443,10.840039654339849,Fast Food Restaurant
Bjørndal,59.82652170000001,10.8372025,Bjørndal Lekeplass,59.824186501001236,10.841810040099967,Playground
Bjørndal,59.82652170000001,10.8372025,Vinmonopolet Mortensrud,59.82748423129421,10.83017026569702,Liquor Store
Lysejordet,59.933465000000005,10.639462,Rema 1000,59.934652792,10.639031246,Grocery Store
Lysejordet,59.933465000000005,10.639462,7-Eleven,59.937043326516786,10.638780974198484,Convenience Store
Øraker,59.927656400000004,10.6318743,Bjørnsletta (T),59.926539235247695,10.634437517584752,Metro Station
Øraker,59.927656400000004,10.6318743,Ullernbanen,59.927025015745606,10.632852945950146,Hockey Field
Øraker,59.927656400000004,10.6318743,Ullern Stadion,59.926592471778285,10.633220672607422,Soccer Field
Øraker,59.927656400000004,10.6318743,Coop Extra,59.92693,10.62994,Grocery Store
Øraker,59.927656400000004,10.6318743,Øraker (trikk),59.92530249711061,10.629817524190331,Light Rail Station
Øraker,59.927656400000004,10.6318743,Ørakerhallen,59.92533941323372,10.637723004103517,Athletics & Sports
Lilleaker,59.9239031,10.6329124,Grønn,59.92022384479857,10.636493749598118,Café
Lilleaker,59.9239031,10.6329124,Coop Prix,59.92127111169115,10.635736578505382,Grocery Store
Lilleaker,59.9239031,10.6329124,Øraker (trikk),59.92530249711061,10.629817524190331,Light Rail Station
Lilleaker,59.9239031,10.6329124,Ullern Stadion,59.926592471778285,10.633220672607422,Soccer Field
Lilleaker,59.9239031,10.6329124,Bjørnsletta (T),59.926539235247695,10.634437517584752,Metro Station
Lilleaker,59.9239031,10.6329124,Ørakerhallen,59.92533941323372,10.637723004103517,Athletics & Sports
Lilleaker,59.9239031,10.6329124,Lilleaker (B),59.921451300202754,10.636343294380097,Bus Station
Lilleaker,59.9239031,10.6329124,Ullernbanen,59.927025015745606,10.632852945950146,Hockey Field
Lilleaker,59.9239031,10.6329124,Coop Extra,59.92693,10.62994,Grocery Store
Lilleaker,59.9239031,10.6329124,Lilleaker (trikk),59.92074635692506,10.636393468214202,Light Rail Station
Sollerud,59.9179166,10.642390400000002,Grønn,59.92022384479857,10.636493749598118,Café
Sollerud,59.9179166,10.642390400000002,Vinmonopolet (CC Vest),59.91708887065962,10.63594379048489,Wine Shop
Sollerud,59.9179166,10.642390400000002,Kaktus Mat- og Vinhus,59.91884343110709,10.636476280141048,Restaurant
Sollerud,59.9179166,10.642390400000002,Meny,59.91809119315694,10.635545425084613,Supermarket
Sollerud,59.9179166,10.642390400000002,SATS,59.91604254322743,10.635097003541889,Gym / Fitness Center
Sollerud,59.9179166,10.642390400000002,CC Vest,59.917511937096116,10.6358271354144,Shopping Mall
Sollerud,59.9179166,10.642390400000002,McDonald's,59.91728059580835,10.635828710472454,Fast Food Restaurant
Sollerud,59.9179166,10.642390400000002,Mester Grønn,59.91743266682825,10.63593218280334,Flower Shop
Sollerud,59.9179166,10.642390400000002,H&M,59.9177741388278,10.635495185852,Clothing Store
Sollerud,59.9179166,10.642390400000002,Clas Ohlson,59.91831691127353,10.635390867175339,Home Service
Sollerud,59.9179166,10.642390400000002,Anton Sport,59.917914,10.635344,Sporting Goods Shop
Vækerø,59.914676799999995,10.6542705,Texburger,59.91769567627094,10.659842945086206,Burger Joint
Vækerø,59.914676799999995,10.6542705,Vækerø (B),59.91585727859396,10.65183464881702,Bus Station
Vækerø,59.914676799999995,10.6542705,Vækerø Strand,59.912651388760764,10.649729682407884,Beach
Vækerø,59.914676799999995,10.6542705,Toget til Sandefjord,59.91464388928827,10.647468358951347,Moving Target
Vækerø,59.914676799999995,10.6542705,Buss 31E Fornebu Ekspress,59.91464650302089,10.646596229587455,Moving Target
Bestum,59.920263,10.656831500000001,Texburger,59.91769567627094,10.659842945086206,Burger Joint
Bestum,59.920263,10.656831500000001,Furulund (trikk),59.92009403333987,10.65026726870914,Light Rail Station
Bestum,59.920263,10.656831500000001,Maritim (B),59.9179400067248,10.66212019435916,Bus Station
Bestum,59.920263,10.656831500000001,Ullern (trikk),59.92440681501429,10.659383355691707,Light Rail Station
Ullern,59.9258182,10.665131800000001,Olsens Enke,59.92306677789089,10.66975290816352,Flower Shop
Ullern,59.9258182,10.665131800000001,Abbediengen (trikk),59.925156,10.667026,Light Rail Station
Ullern,59.9258182,10.665131800000001,Ullern (trikk),59.92440681501429,10.659383355691707,Light Rail Station
Ullern,59.9258182,10.665131800000001,Radiumhospitalet (B),59.92899068646828,10.659478156841567,Bus Station
Bjørnsletta,59.9265137,10.6344871,Bjørnsletta (T),59.926539235247695,10.634437517584752,Metro Station
Bjørnsletta,59.9265137,10.6344871,Ullernbanen,59.927025015745606,10.632852945950146,Hockey Field
Bjørnsletta,59.9265137,10.6344871,Ullern Stadion,59.926592471778285,10.633220672607422,Soccer Field
Bjørnsletta,59.9265137,10.6344871,Ørakerhallen,59.92533941323372,10.637723004103517,Athletics & Sports
Bjørnsletta,59.9265137,10.6344871,Coop Extra,59.92693,10.62994,Grocery Store
Bjørnsletta,59.9265137,10.6344871,Øraker (trikk),59.92530249711061,10.629817524190331,Light Rail Station
Bjørnsletta,59.9265137,10.6344871,7-Eleven,59.9255156626605,10.642048340615512,Convenience Store
Ullernåsen,59.93147439999999,10.6560118,Ullernåsen (T),59.93155803099193,10.656116373304434,Metro Station
Ullernåsen,59.93147439999999,10.6560118,Mærradalen,59.93046726820534,10.659738873394527,Trail
Ullernåsen,59.93147439999999,10.6560118,Radiumhospitalet hotell,59.93188601512117,10.660777657730709,Hotel
Ullernåsen,59.93147439999999,10.6560118,Radiumhospitalet (B),59.92899068646828,10.659478156841567,Bus Station
Montebello,59.934823,10.6664405,Montebello (T),59.93481007013747,10.66637067586616,Metro Station
Montebello,59.934823,10.6664405,Radiumhospitalet hotell,59.93188601512117,10.660777657730709,Hotel
Hoff,59.92984770000001,10.675330699999998,Ekely,59.9293042905629,10.6701302155852,Art Gallery
Hoff,59.92984770000001,10.675330699999998,Rema 1000,59.92559109507742,10.674831922734333,Market
Hoff,59.92984770000001,10.675330699999998,Coop Mega,59.92692255242464,10.67695476884038,Grocery Store
Hoff,59.92984770000001,10.675330699999998,Møllhausen torg,59.926690579553544,10.676617012394669,Shopping Mall
Skøyen,59.9247563,10.6859424,Interfoto,59.92116782213707,10.68624134004617,Camera Store
Skøyen,59.9247563,10.6859424,Maschmanns Matmarked,59.92154114753153,10.680130553866464,Gourmet Shop
Skøyen,59.9247563,10.6859424,Magnat Center,59.92044472911773,10.687988250846177,Gym / Fitness Center
Skøyen,59.9247563,10.6859424,Da Capo,59.92133629692471,10.688179835310077,Asian Restaurant
Skøyen,59.9247563,10.6859424,Bohus,59.92047795686876,10.686392252548092,Furniture / Home Store
Skøyen,59.9247563,10.6859424,Starbucks Skøyen,59.920722135961825,10.682594429092232,Coffee Shop
Skøyen,59.9247563,10.6859424,Meny,59.92053156984996,10.683426222236271,Grocery Store
Skøyen,59.9247563,10.6859424,Skøyen stasjon,59.922000095282826,10.67912184878989,Train Station
Skøyen,59.9247563,10.6859424,OTK - Oslo Tennisklubb,59.92416901734574,10.692679563647523,Tennis Court
Skøyen,59.9247563,10.6859424,Scandic hovedkontor,59.920726,10.682713,Hotel
Holmenkollen,59.9602991,10.6627086,Scandic Holmenkollen Park,59.962784903325186,10.663046836853027,Hotel
Holmenkollen,59.9602991,10.6627086,Holmenkollen Restaurant,59.96061098510452,10.66685200577693,Restaurant
Holmenkollen,59.9602991,10.6627086,Skiforeningen,59.96065165543964,10.665232774035214,Ski Area
Holmenkollen,59.9602991,10.6627086,Holmenkollen (T),59.96026972032908,10.663087415534676,Metro Station
Holmenkollen,59.9602991,10.6627086,De Fem Stuer,59.962693762845355,10.66283613646851,Scandinavian Restaurant
Holmenkollen,59.9602991,10.6627086,Galleriet,59.96305211448502,10.662561864221681,Restaurant
Tryvann,59.986705799999996,10.666887,Tryvann Vinterpark,59.98790335913853,10.666853455777012,Ski Area
Tryvann,59.986705799999996,10.666887,Tryvann Sommerpark,59.98812559155583,10.667148747055462,Athletics & Sports
Tryvann,59.986705799999996,10.666887,Godt Brød,59.986605487506125,10.669859048079344,Bakery
Tryvann,59.986705799999996,10.666887,Oslos Bratteste,59.98724633168398,10.666909217834473,Athletics & Sports
Tryvann,59.986705799999996,10.666887,Tårnstua,59.986594,10.669951,Pizza Place
Tryvann,59.986705799999996,10.666887,Tryvannstårnet,59.988508410708796,10.66826572156716,Scenic Lookout
Vinderen,59.9428015,10.704988400000001,Baker Hansen,59.94242630081804,10.7039829951235,Bakery
Vinderen,59.9428015,10.704988400000001,United Bakeries,59.94218075768615,10.704804763411985,Bakery
Vinderen,59.9428015,10.704988400000001,Komplett Pick-up Point,59.942288828767104,10.703268463374581,Electronics Store
Vinderen,59.9428015,10.704988400000001,Risalleen (B),59.94452837490323,10.704146969819947,Bus Station
Vinderen,59.9428015,10.704988400000001,Vinderen (T),59.942741896221214,10.704872870041992,Metro Station
Vinderen,59.9428015,10.704988400000001,SATS,59.94230157970966,10.703954178959734,Gym / Fitness Center
Vinderen,59.9428015,10.704988400000001,Jonoe,59.942806171307815,10.703864693641663,Sushi Restaurant
Vinderen,59.9428015,10.704988400000001,Vinderentorvet,59.94275468188234,10.704306601670835,Shopping Mall
Vinderen,59.9428015,10.704988400000001,Steinerud (T),59.939091,10.70432,Metro Station
Vinderen,59.9428015,10.704988400000001,Hageland Skajems Hagesenter,59.94699469828147,10.70394515991211,Garden Center
"Smestad, Oslo",59.9372123,10.6841614,Smestad (B),59.937379318494706,10.682603461885899,Bus Station
"Smestad, Oslo",59.9372123,10.6841614,Smestad (Buss 23),59.93724607898143,10.681991890416546,Bus Station
"Smestad, Oslo",59.9372123,10.6841614,Bakkekroen,59.937765,10.68320043,Restaurant
"Smestad, Oslo",59.9372123,10.6841614,Mind & Matter,59.9362142,10.690828199999942,Bowling Alley
Bøler,59.8842714,10.845545199999998,Bobos,59.88285955808581,10.84437694463853,Pizza Place
Bøler,59.8842714,10.845545199999998,Bøler Bad,59.88264157127723,10.843761737724746,Gym Pool
Bøler,59.8842714,10.845545199999998,Coop Mega,59.883112553850225,10.845826847575559,Supermarket
Bøler,59.8842714,10.845545199999998,Bølerhallen,59.88378284611091,10.846960145623537,Athletics & Sports
Bøler,59.8842714,10.845545199999998,Narvesen,59.88413596207243,10.844967447252282,Convenience Store
Manglerud,59.8980022,10.8127548,Burger King,59.896824,10.8139715,Fast Food Restaurant
Manglerud,59.8980022,10.8127548,Shell,59.89784723,10.81442788,Gas Station
Manglerud,59.8980022,10.8127548,"Hylla Cafe, Bar og Spiseri",59.89726966261621,10.812930624676975,Asian Restaurant
Manglerud,59.8980022,10.8127548,Vinmonopolet (Manglerud),59.89708436687571,10.814155726675516,Wine Shop
Manglerud,59.8980022,10.8127548,Coop Extra Manglerud senter,59.897388,10.813103,Market
Manglerud,59.8980022,10.8127548,Manglerud (T),59.897848400867524,10.812492049107416,Metro Station
Manglerud,59.8980022,10.8127548,W. B. Samson Manglerud Senter,59.89753341674805,10.813549041748047,Bakery
Manglerud,59.8980022,10.8127548,Manglerud Bussholdeplass (Ring 3),59.897868633270264,10.813250541687012,Bus Station
Manglerud,59.8980022,10.8127548,Ryen (T),59.89571009247773,10.805347497451425,Metro Station
